request_id,image,send_time,success,warm,processing_time_s,response_time_s
1,000000000139.jpg,1776414101.0083067,True,,1.71,1.715168
2,000000000285.jpg,1776414102.7235703,True,,2.1,2.106872
3,000000000632.jpg,1776414104.8305912,True,,1.9,1.994745
4,000000000724.jpg,1776414106.825562,True,,1.89,1.901556
5,000000000776.jpg,1776414108.7272046,True,,1.79,1.796972
6,000000000785.jpg,1776414110.524258,True,,1.79,1.80022
7,000000000802.jpg,1776414112.3245597,True,,1.79,1.801535
8,000000000872.jpg,1776414114.1261785,True,,2.39,2.397908
9,000000000885.jpg,1776414116.524176,True,,1.7,1.798793
10,000000001000.jpg,1776414118.3230474,True,,1.7,1.703834
11,000000001268.jpg,1776414120.0269804,True,,1.79,1.800426
12,000000001296.jpg,1776414121.8274999,True,,1.79,1.799296
13,000000001353.jpg,1776414123.6268787,True,,1.9,1.903054
14,000000001425.jpg,1776414125.530018,True,,1.89,1.898425
15,000000001490.jpg,1776414127.4285376,True,,1.29,1.300416
16,000000001503.jpg,1776414128.7290432,True,,1.79,1.797505
17,000000001532.jpg,1776414130.5266378,True,,1.99,1.998027
18,000000001584.jpg,1776414132.524746,True,,2.29,2.301666
19,000000001675.jpg,1776414134.8264987,True,,1.8,1.803568
20,000000001761.jpg,1776414136.6301498,True,,1.79,1.79656
21,000000001818.jpg,1776414138.4267924,True,,1.79,1.798038
22,000000001993.jpg,1776414140.224924,True,,1.79,1.801295
23,000000002006.jpg,1776414142.0263054,True,,1.89,1.897671
24,000000002149.jpg,1776414143.9240627,True,,1.79,1.800794
25,000000002153.jpg,1776414145.7249568,True,,1.89,1.901886
26,000000002157.jpg,1776414147.626946,True,,1.79,1.796939
27,000000002261.jpg,1776414149.4239857,True,,1.7,1.707594
28,000000002299.jpg,1776414151.1316695,True,,1.59,1.596064
29,000000002431.jpg,1776414152.7278192,True,,1.89,1.898941
30,000000002473.jpg,1776414154.6268404,True,,1.79,1.798908
31,000000002532.jpg,1776414156.4258308,True,,1.89,1.901253
32,000000002587.jpg,1776414158.3271677,True,,1.89,1.900137
33,000000002592.jpg,1776414160.2273893,True,,1.49,1.502326
34,000000002685.jpg,1776414161.7298367,True,,2.19,2.196645
35,000000002923.jpg,1776414163.9265716,True,,1.89,1.900709
36,000000003156.jpg,1776414165.8273687,True,,1.99,1.997504
37,000000003255.jpg,1776414167.824977,True,,1.59,1.598511
38,000000003501.jpg,1776414169.4235706,True,,2.4,2.40307
39,000000003553.jpg,1776414171.8267255,True,,1.79,1.799598
40,000000003661.jpg,1776414173.6264071,True,,1.49,1.500844
41,000000003845.jpg,1776414175.1273413,True,,1.89,1.899708
42,000000003934.jpg,1776414177.027135,True,,1.99,2.000169
43,000000004134.jpg,1776414179.0273957,True,,1.49,1.498284
44,000000004395.jpg,1776414180.525768,True,,1.49,1.498042
45,000000004495.jpg,1776414182.0238948,True,,1.9,1.904209
46,000000004765.jpg,1776414183.9282036,True,,1.89,1.895315
47,000000004795.jpg,1776414185.8236105,True,,1.4,1.403508
48,000000005001.jpg,1776414187.227207,True,,1.79,1.800587
49,000000005037.jpg,1776414189.0278852,True,,1.89,1.89926
50,000000005060.jpg,1776414190.9272354,True,,1.99,1.99865
51,000000005193.jpg,1776414192.9259872,True,,1.8,1.803962
52,000000005477.jpg,1776414194.7300336,True,,1.59,1.597781
53,000000005503.jpg,1776414196.3279183,True,,1.79,1.798777
54,000000005529.jpg,1776414198.1267877,True,,1.99,1.997087
55,000000005586.jpg,1776414200.1239684,True,,2.09,2.101774
56,000000005600.jpg,1776414202.2258282,True,,1.7,1.703135
57,000000005992.jpg,1776414203.9290435,True,,1.99,1.997834
58,000000006012.jpg,1776414205.926973,True,,2.29,2.299336
59,000000006040.jpg,1776414208.2264009,True,,1.3,1.302954
60,000000006213.jpg,1776414209.5294452,True,,1.79,1.797429
61,000000006460.jpg,1776414211.326977,True,,1.39,1.399686
62,000000006471.jpg,1776414212.7267513,True,,1.79,1.799052
63,000000006614.jpg,1776414214.525893,True,,2.09,2.098894
64,000000006723.jpg,1776414216.6248882,True,,1.59,1.599606
65,000000006763.jpg,1776414218.2245803,True,,1.99,2.00021
66,000000006771.jpg,1776414220.2248785,True,,1.8,1.802836
67,000000006818.jpg,1776414222.0278094,True,,1.39,1.397931
68,000000006894.jpg,1776414223.4258294,True,,1.49,1.502389
69,000000006954.jpg,1776414224.9283113,True,,1.59,1.594919
70,000000007088.jpg,1776414226.5233164,True,,1.79,1.800262
71,000000007108.jpg,1776414228.323672,True,,1.3,1.303103
72,000000007278.jpg,1776414229.626864,True,,1.49,1.502114
73,000000007281.jpg,1776414231.1290617,True,,1.19,1.198335
74,000000007386.jpg,1776414232.327492,True,,1.39,1.398759
75,000000007511.jpg,1776414233.7263365,True,,1.99,1.999796
76,000000007574.jpg,1776414235.7262208,True,,1.89,1.900626
77,000000007784.jpg,1776414237.626949,True,,2.09,2.098203
78,000000007795.jpg,1776414239.725242,True,,1.8,1.802525
79,000000007816.jpg,1776414241.527859,True,,1.7,1.703861
80,000000007818.jpg,1776414243.2318053,True,,1.79,1.792619
81,000000007888.jpg,1776414245.0245118,True,,2.49,2.501767
82,000000007977.jpg,1776414247.526365,True,,1.79,1.798626
83,000000007991.jpg,1776414249.32508,True,,1.5,1.504046
84,000000008021.jpg,1776414250.829213,True,,1.8,1.898443
85,000000008211.jpg,1776414252.7277496,True,,1.99,1.996509
86,000000008277.jpg,1776414254.724347,True,,2.0,2.00416
87,000000008532.jpg,1776414256.728591,True,,1.19,1.200816
88,000000008629.jpg,1776414257.9294887,True,,2.01,2.100453
89,000000008690.jpg,1776414260.030033,True,,1.99,1.995921
90,000000008762.jpg,1776414262.026041,True,,1.89,1.898191
91,000000008844.jpg,1776414263.924319,True,,1.89,1.899922
92,000000008899.jpg,1776414265.8243315,True,,2.0,2.004442
93,000000009378.jpg,1776414267.828862,True,,1.79,1.798975
94,000000009400.jpg,1776414269.627946,True,,1.99,1.999859
95,000000009448.jpg,1776414271.627936,True,,2.49,2.497502
96,000000009483.jpg,1776414274.1255226,True,,1.79,1.802002
97,000000009590.jpg,1776414275.927611,True,,1.69,1.701645
98,000000009769.jpg,1776414277.629339,True,,1.8,1.897311
99,000000009772.jpg,1776414279.5267358,True,,2.29,2.30034
100,000000009891.jpg,1776414281.8271673,True,,1.99,1.998637
101,000000009914.jpg,1776414283.8258958,True,,1.99,1.99885
102,000000010092.jpg,1776414285.824845,True,,1.89,1.899894
103,000000010363.jpg,1776414287.724819,True,,1.59,1.601847
104,000000010583.jpg,1776414289.3267553,True,,2.39,2.40258
105,000000010707.jpg,1776414291.729439,True,,1.99,1.995499
106,000000010764.jpg,1776414293.7250278,True,,1.99,2.000926
107,000000010977.jpg,1776414295.7260408,True,,1.9,1.903582
108,000000010995.jpg,1776414297.629714,True,,1.89,1.8971
109,000000011051.jpg,1776414299.5269234,True,,2.19,2.198186
110,000000011122.jpg,1776414301.7252028,True,,1.99,2.000088
111,000000011149.jpg,1776414303.7253745,True,,1.89,1.899078
112,000000011197.jpg,1776414305.6245365,True,,1.79,1.799985
113,000000011511.jpg,1776414307.4246104,True,,1.9,1.903199
114,000000011615.jpg,1776414309.3279104,True,,1.89,1.898642
115,000000011699.jpg,1776414311.2266378,True,,1.89,1.902336
116,000000011760.jpg,1776414313.1290605,True,,1.89,1.897444
117,000000011813.jpg,1776414315.0265946,True,,1.79,1.800324
118,000000012062.jpg,1776414316.8270097,True,,1.79,1.799552
119,000000012120.jpg,1776414318.6266503,True,,1.8,1.803294
120,000000012280.jpg,1776414320.4300365,True,,1.99,1.998005
121,000000012576.jpg,1776414322.4281325,True,,1.99,1.999161
122,000000012639.jpg,1776414324.4273818,True,,1.59,1.599528
123,000000012667.jpg,1776414326.0269942,True,,1.49,1.500191
124,000000012670.jpg,1776414327.5272758,True,,1.79,1.797116
125,000000012748.jpg,1776414329.3244796,True,,1.49,1.498603
126,000000013004.jpg,1776414330.8231661,True,,1.79,1.802201
127,000000013177.jpg,1776414332.6254508,True,,1.89,1.898994
128,000000013201.jpg,1776414334.524531,True,,1.99,2.00088
129,000000013291.jpg,1776414336.5255046,True,,1.8,1.804534
130,000000013348.jpg,1776414338.330123,True,,1.39,1.396608
131,000000013546.jpg,1776414339.726819,True,,1.5,1.503824
132,000000013597.jpg,1776414341.2307272,True,,1.89,1.896632
133,000000013659.jpg,1776414343.1274483,True,,1.99,1.997291
134,000000013729.jpg,1776414345.124826,True,,2.0,2.003328
135,000000013774.jpg,1776414347.1282418,True,,1.5,1.502889
136,000000013923.jpg,1776414348.6312177,True,,1.79,1.795199
137,000000014007.jpg,1776414350.4265077,True,,1.79,1.800147
138,000000014038.jpg,1776414352.2267587,True,,1.79,1.797211
139,000000014226.jpg,1776414354.0240514,True,,1.89,1.900671
140,000000014380.jpg,1776414355.9248068,True,,1.79,1.799617
141,000000014439.jpg,1776414357.7245052,True,,1.59,1.602089
142,000000014473.jpg,1776414359.3266776,True,,1.79,1.797984
143,000000014831.jpg,1776414361.1247404,True,,1.89,1.900808
144,000000014888.jpg,1776414363.025633,True,,1.89,1.902217
145,000000015079.jpg,1776414364.9279501,True,,1.79,1.798473
146,000000015254.jpg,1776414366.726509,True,,1.69,1.697058
147,000000015272.jpg,1776414368.4236493,True,,1.7,1.705773
148,000000015278.jpg,1776414370.1295037,True,,2.09,2.095319
149,000000015335.jpg,1776414372.224921,True,,1.89,1.901653
150,000000015338.jpg,1776414374.1266615,True,,1.59,1.696242
151,000000015440.jpg,1776414375.82299,True,,1.5,1.505639
152,000000015497.jpg,1776414377.3287194,True,,1.89,1.898684
153,000000015517.jpg,1776414379.2274895,True,,1.99,2.000495
154,000000015597.jpg,1776414381.2280748,True,,1.79,1.798439
155,000000015660.jpg,1776414383.026602,True,,1.49,1.49726
156,000000015746.jpg,1776414384.5239613,True,,1.9,1.902883
157,000000015751.jpg,1776414386.4269385,True,,1.79,1.799818
158,000000015956.jpg,1776414388.2268367,True,,1.99,1.998031
159,000000016010.jpg,1776414390.2249606,True,,1.99,1.999869
160,000000016228.jpg,1776414392.22492,True,,1.89,1.899467
161,000000016249.jpg,1776414394.1244695,True,,1.99,2.000871
162,000000016439.jpg,1776414396.1254249,True,,1.89,1.901229
163,000000016451.jpg,1776414398.0267413,True,,2.49,2.50051
164,000000016502.jpg,1776414400.527342,True,,1.89,1.900609
165,000000016598.jpg,1776414402.428045,True,,1.79,1.798796
166,000000016958.jpg,1776414404.2269468,True,,1.8,1.803099
167,000000017029.jpg,1776414406.0301356,True,,2.4,2.497374
168,000000017031.jpg,1776414408.5275984,True,,1.89,1.899548
169,000000017115.jpg,1776414410.4272346,True,,1.9,1.902985
170,000000017178.jpg,1776414412.3303065,True,,1.89,1.89649
171,000000017182.jpg,1776414414.2268887,True,,1.99,1.996468
172,000000017207.jpg,1776414416.223461,True,,1.8,1.803086
173,000000017379.jpg,1776414418.0266354,True,,1.99,1.998116
174,000000017436.jpg,1776414420.0248399,True,,2.09,2.101391
175,000000017627.jpg,1776414422.1263196,True,,1.99,2.00154
176,000000017714.jpg,1776414424.1279652,True,,1.99,2.000039
177,000000017899.jpg,1776414426.1280909,True,,1.99,2.001608
178,000000017905.jpg,1776414428.1297874,True,,1.99,1.995088
179,000000017959.jpg,1776414430.1249695,True,,1.89,1.898782
180,000000018150.jpg,1776414432.023842,True,,1.8,1.804891
181,000000018193.jpg,1776414433.8288193,True,,1.99,1.998867
182,000000018380.jpg,1776414435.8277743,True,,1.89,1.899944
183,000000018491.jpg,1776414437.7278118,True,,1.99,1.997316
184,000000018519.jpg,1776414439.7252085,True,,2.4,2.402719
185,000000018575.jpg,1776414442.1280165,True,,1.89,1.898916
186,000000018737.jpg,1776414444.0270238,True,,1.49,1.496951
187,000000018770.jpg,1776414445.5240571,True,,1.8,1.803414
188,000000018833.jpg,1776414447.3275535,True,,1.89,1.897676
189,000000018837.jpg,1776414449.2253258,True,,1.99,2.000837
190,000000019042.jpg,1776414451.2262511,True,,1.39,1.396911
191,000000019109.jpg,1776414452.623241,True,,1.4,1.406387
192,000000019221.jpg,1776414454.0297117,True,,1.89,1.895537
193,000000019402.jpg,1776414455.925338,True,,1.99,2.000626
194,000000019432.jpg,1776414457.9260447,True,,1.99,1.999186
195,000000019742.jpg,1776414459.9253173,True,,1.99,1.999718
196,000000019786.jpg,1776414461.925124,True,,1.9,1.903208
197,000000019924.jpg,1776414463.8284173,True,,2.39,2.39817
198,000000020059.jpg,1776414466.2266743,True,,1.89,1.899981
199,000000020107.jpg,1776414468.126741,True,,1.89,1.900118
200,000000020247.jpg,1776414470.0269506,True,,1.99,1.996632
201,000000020333.jpg,1776414472.0236688,True,,1.39,1.400277
202,000000020553.jpg,1776414473.4240317,True,,1.49,1.500557
203,000000020571.jpg,1776414474.9246745,True,,2.2,2.204625
204,000000020992.jpg,1776414477.1293883,True,,1.49,1.495758
205,000000021167.jpg,1776414478.6252449,True,,1.39,1.40179
206,000000021465.jpg,1776414480.0271218,True,,1.19,1.201839
207,000000021503.jpg,1776414481.2290478,True,,1.59,1.598142
208,000000021604.jpg,1776414482.8272762,True,,2.09,2.099481
209,000000021839.jpg,1776414484.9268386,True,,1.69,1.701107
210,000000021879.jpg,1776414486.6280348,True,,1.89,1.898661
211,000000021903.jpg,1776414488.526784,True,,1.99,1.998008
212,000000022192.jpg,1776414490.5248814,True,,1.89,1.899763
213,000000022371.jpg,1776414492.4247286,True,,1.8,1.804674
214,000000022396.jpg,1776414494.2294893,True,,2.19,2.197523
215,000000022479.jpg,1776414496.4271061,True,,2.59,2.602275
216,000000022589.jpg,1776414499.029468,True,,2.09,2.095754
217,000000022623.jpg,1776414501.1253111,True,,1.89,1.902266
218,000000022705.jpg,1776414503.0276663,True,,1.59,1.596736
219,000000022755.jpg,1776414504.6244895,True,,1.5,1.503372
220,000000022892.jpg,1776414506.1279697,True,,1.89,1.896146
221,000000022935.jpg,1776414508.0242014,True,,1.99,2.000719
222,000000022969.jpg,1776414510.0250053,True,,1.79,1.801076
223,000000023023.jpg,1776414511.8261755,True,,2.39,2.400098
224,000000023034.jpg,1776414514.2263548,True,,1.89,1.900738
225,000000023126.jpg,1776414516.1271815,True,,1.89,1.900338
226,000000023230.jpg,1776414518.0276139,True,,1.99,2.00029
227,000000023272.jpg,1776414520.0279975,True,,1.49,1.499965
228,000000023359.jpg,1776414521.528056,True,,1.59,1.597167
229,000000023666.jpg,1776414523.1253147,True,,1.49,1.500678
230,000000023751.jpg,1776414524.626075,True,,1.79,1.801931
231,000000023781.jpg,1776414526.428096,True,,1.89,1.895435
232,000000023899.jpg,1776414528.3236184,True,,1.8,1.803627
233,000000023937.jpg,1776414530.127346,True,,1.89,1.899541
234,000000024021.jpg,1776414532.0269928,True,,1.69,1.699869
235,000000024027.jpg,1776414533.7269669,True,,1.99,2.000787
236,000000024144.jpg,1776414535.72784,True,,1.99,1.999318
237,000000024243.jpg,1776414537.7272463,True,,1.99,1.997628
238,000000024567.jpg,1776414539.7249742,True,,2.0,2.004256
239,000000024610.jpg,1776414541.7293274,True,,2.09,2.099009
240,000000024919.jpg,1776414543.828438,True,,1.8,1.896041
241,000000025057.jpg,1776414545.7245646,True,,1.8,1.803372
242,000000025096.jpg,1776414547.5280263,True,,1.89,1.896332
243,000000025139.jpg,1776414549.4244473,True,,1.89,1.901613
244,000000025181.jpg,1776414551.326155,True,,1.49,1.497519
245,000000025228.jpg,1776414552.8237557,True,,1.4,1.499017
246,000000025386.jpg,1776414554.3228562,True,,1.7,1.7044
247,000000025393.jpg,1776414556.027348,True,,1.59,1.601969
248,000000025394.jpg,1776414557.6294103,True,,1.49,1.498111
249,000000025424.jpg,1776414559.127609,True,,1.39,1.495536
250,000000025560.jpg,1776414560.6232302,True,,1.89,1.901414
251,000000025593.jpg,1776414562.5247283,True,,2.0,2.003555
252,000000025603.jpg,1776414564.5283678,True,,1.89,1.895659
253,000000025986.jpg,1776414566.4241185,True,,2.09,2.100491
254,000000026204.jpg,1776414568.5246968,True,,1.79,1.802714
255,000000026465.jpg,1776414570.327498,True,,1.99,1.996268
256,000000026564.jpg,1776414572.323849,True,,1.79,1.800291
257,000000026690.jpg,1776414574.124221,True,,1.79,1.800894
258,000000026926.jpg,1776414575.9251945,True,,1.79,1.801283
259,000000026941.jpg,1776414577.726559,True,,1.89,1.900253
260,000000027186.jpg,1776414579.6269152,True,,1.79,1.801131
261,000000027620.jpg,1776414581.4281352,True,,2.09,2.100296
262,000000027696.jpg,1776414583.5285196,True,,1.29,1.297243
263,000000027768.jpg,1776414584.8258507,True,,1.79,1.800386
264,000000027932.jpg,1776414586.6263251,True,,1.7,1.702685
265,000000027972.jpg,1776414588.3290954,True,,1.39,1.394811
266,000000027982.jpg,1776414589.7239976,True,,1.3,1.306969
267,000000028285.jpg,1776414591.0310738,True,,1.7,1.795102
268,000000028449.jpg,1776414592.8262665,True,,1.8,1.89682
269,000000028452.jpg,1776414594.7231667,True,,1.9,1.903078
270,000000028809.jpg,1776414596.6263282,True,,2.39,2.401099
271,000000028993.jpg,1776414599.0275164,True,,2.49,2.499222
272,000000029187.jpg,1776414601.5268304,True,,1.99,2.001366
273,000000029393.jpg,1776414603.5283062,True,,1.89,1.89856
274,000000029397.jpg,1776414605.4269664,True,,1.99,2.001688
275,000000029596.jpg,1776414607.4287515,True,,1.99,1.99891
276,000000029640.jpg,1776414609.4277568,True,,1.99,2.000232
277,000000029675.jpg,1776414611.4280803,True,,1.89,1.90011
278,000000029984.jpg,1776414613.3282826,True,,1.89,1.896669
279,000000030213.jpg,1776414615.2250354,True,,1.49,1.49878
280,000000030494.jpg,1776414616.7239172,True,,1.99,2.000631
281,000000030504.jpg,1776414618.7246363,True,,2.0,2.003669
282,000000030675.jpg,1776414620.7283952,True,,1.19,1.201953
283,000000030785.jpg,1776414621.930436,True,,1.4,1.493579
284,000000030828.jpg,1776414623.4241033,True,,1.79,1.800405
285,000000031050.jpg,1776414625.2245939,True,,1.3,1.303219
286,000000031093.jpg,1776414626.5279248,True,,1.79,1.798008
287,000000031118.jpg,1776414628.3260372,True,,1.99,2.000957
288,000000031217.jpg,1776414630.3270786,True,,1.79,1.895928
289,000000031248.jpg,1776414632.223088,True,,1.7,1.703753
290,000000031269.jpg,1776414633.9269435,True,,1.99,1.998209
291,000000031296.jpg,1776414635.9252439,True,,1.69,1.701654
292,000000031322.jpg,1776414637.626983,True,,1.79,1.799092
293,000000031620.jpg,1776414639.4261742,True,,1.99,1.99797
294,000000031735.jpg,1776414641.4242353,True,,1.99,2.002614
295,000000031749.jpg,1776414643.4269443,True,,2.49,2.500867
296,000000031817.jpg,1776414645.9278958,True,,1.79,1.797438
297,000000032038.jpg,1776414647.7254276,True,,1.89,1.899279
298,000000032081.jpg,1776414649.6247957,True,,1.99,2.000357
299,000000032285.jpg,1776414651.6252398,True,,1.89,1.898229
300,000000032334.jpg,1776414653.5235531,True,,1.8,1.804513
301,000000032570.jpg,1776414655.3281567,True,,1.89,1.899594
302,000000032610.jpg,1776414657.2278447,True,,1.89,1.897496
303,000000032735.jpg,1776414659.1254218,True,,1.99,1.999283
304,000000032811.jpg,1776414661.124785,True,,1.9,1.903082
305,000000032817.jpg,1776414663.0279665,True,,1.69,1.697551
306,000000032861.jpg,1776414664.7256048,True,,1.89,1.902261
307,000000032887.jpg,1776414666.6279652,True,,1.99,1.997497
308,000000032901.jpg,1776414668.6255553,True,,2.29,2.30089
309,000000032941.jpg,1776414670.9265325,True,,1.89,1.90158
310,000000033005.jpg,1776414672.8282037,True,,1.89,1.895354
311,000000033104.jpg,1776414674.723645,True,,2.1,2.105278
312,000000033109.jpg,1776414676.8290107,True,,1.89,1.899011
313,000000033114.jpg,1776414678.7281077,True,,1.89,1.899043
314,000000033221.jpg,1776414680.6272385,True,,1.8,1.8032
315,000000033368.jpg,1776414682.43052,True,,1.89,1.893539
316,000000033638.jpg,1776414684.32414,True,,1.79,1.802256
317,000000033707.jpg,1776414686.12648,True,,2.49,2.500265
318,000000033759.jpg,1776414688.6268394,True,,1.89,1.899719
319,000000033854.jpg,1776414690.5266423,True,,1.79,1.800302
320,000000034071.jpg,1776414692.3270304,True,,1.79,1.802273
321,000000034139.jpg,1776414694.1293879,True,,1.89,1.897223
322,000000034205.jpg,1776414696.026694,True,,1.89,1.897949
323,000000034257.jpg,1776414697.9247272,True,,1.79,1.801372
324,000000034417.jpg,1776414699.7261863,True,,1.89,1.901405
325,000000034452.jpg,1776414701.6276853,True,,2.09,2.1001
326,000000034760.jpg,1776414703.7278793,True,,1.99,1.997068
327,000000034873.jpg,1776414705.725033,True,,1.99,2.000928
328,000000035062.jpg,1776414707.7260475,True,,1.99,1.998597
329,000000035197.jpg,1776414709.724732,True,,1.89,1.898494
330,000000035279.jpg,1776414711.62331,True,,1.9,1.905494
331,000000035326.jpg,1776414713.5288892,True,,1.99,1.996146
332,000000035682.jpg,1776414715.525142,True,,1.99,1.999265
333,000000035770.jpg,1776414717.5244954,True,,1.99,2.000574
334,000000035963.jpg,1776414719.5251558,True,,1.8,1.803329
335,000000036494.jpg,1776414721.328573,True,,1.79,1.799441
336,000000036539.jpg,1776414723.1281178,True,,1.59,1.599657
337,000000036660.jpg,1776414724.727861,True,,1.59,1.601469
338,000000036678.jpg,1776414726.3294182,True,,1.59,1.594422
339,000000036844.jpg,1776414727.9239388,True,,1.99,2.00231
340,000000036861.jpg,1776414729.9263356,True,,1.89,1.901512
341,000000036936.jpg,1776414731.8279529,True,,1.69,1.698458
342,000000037670.jpg,1776414733.5264971,True,,1.99,2.001442
343,000000037689.jpg,1776414735.528026,True,,1.89,1.896265
344,000000037740.jpg,1776414737.4243717,True,,1.99,2.000545
345,000000037751.jpg,1776414739.4249983,True,,1.79,1.802428
346,000000037777.jpg,1776414741.2275097,True,,1.79,1.801425
347,000000037988.jpg,1776414743.0290177,True,,1.99,1.994492
348,000000038048.jpg,1776414745.0235896,True,,1.6,1.605546
349,000000038070.jpg,1776414746.6292179,True,,1.89,1.894646
350,000000038118.jpg,1776414748.523959,True,,1.79,1.800728
351,000000038210.jpg,1776414750.3247695,True,,1.8,1.803315
352,000000038576.jpg,1776414752.1281695,True,,1.89,1.898926
353,000000038678.jpg,1776414754.0271835,True,,1.69,1.698962
354,000000038825.jpg,1776414755.7262356,True,,1.89,1.898206
355,000000038829.jpg,1776414757.624526,True,,1.9,1.903299
356,000000039405.jpg,1776414759.5279343,True,,1.89,1.899886
357,000000039477.jpg,1776414761.4279315,True,,1.89,1.896154
358,000000039480.jpg,1776414763.3241704,True,,1.89,1.900501
359,000000039484.jpg,1776414765.2247627,True,,1.79,1.80196
360,000000039551.jpg,1776414767.0268123,True,,1.89,1.900837
361,000000039670.jpg,1776414768.9277394,True,,2.59,2.597414
362,000000039769.jpg,1776414771.5252445,True,,1.99,2.000025
363,000000039785.jpg,1776414773.5253572,True,,1.99,2.000458
364,000000039914.jpg,1776414775.525926,True,,2.2,2.203241
365,000000039951.jpg,1776414777.729252,True,,1.49,1.494517
366,000000039956.jpg,1776414779.2238543,True,,1.99,2.000998
367,000000040036.jpg,1776414781.2249532,True,,1.99,1.999507
368,000000040083.jpg,1776414783.224548,True,,1.99,2.000032
369,000000040471.jpg,1776414785.2246706,True,,1.9,1.902889
370,000000040757.jpg,1776414787.1276526,True,,1.89,1.900237
371,000000041488.jpg,1776414789.0279884,True,,1.69,1.700757
372,000000041633.jpg,1776414790.7288363,True,,1.89,1.896228
373,000000041635.jpg,1776414792.6251538,True,,1.89,1.903038
374,000000041872.jpg,1776414794.528283,True,,1.89,1.899348
375,000000041888.jpg,1776414796.4277244,True,,1.49,1.499308
376,000000041990.jpg,1776414797.9271235,True,,1.99,2.001135
377,000000042070.jpg,1776414799.9283464,True,,2.19,2.196029
378,000000042102.jpg,1776414802.1244566,True,,1.3,1.3035
379,000000042178.jpg,1776414803.4280462,True,,1.99,2.002639
380,000000042276.jpg,1776414805.4307723,True,,1.99,1.994228
381,000000042296.jpg,1776414807.4250824,True,,1.99,2.000136
382,000000042528.jpg,1776414809.4253,True,,2.2,2.204145
383,000000042563.jpg,1776414811.6295278,True,,2.29,2.393505
384,000000042628.jpg,1776414814.0231133,True,,1.7,1.703074
385,000000042888.jpg,1776414815.7262733,True,,1.89,1.901893
386,000000042889.jpg,1776414817.6282594,True,,1.89,1.899651
387,000000043314.jpg,1776414819.5280025,True,,1.99,1.997667
388,000000043435.jpg,1776414821.5257583,True,,2.59,2.598273
389,000000043581.jpg,1776414824.1241136,True,,1.8,1.802565
390,000000043737.jpg,1776414825.9267738,True,,1.99,1.998189
391,000000043816.jpg,1776414827.925049,True,,1.99,1.998634
392,000000044068.jpg,1776414829.9237645,True,,2.0,2.003903
393,000000044195.jpg,1776414831.9277523,True,,1.49,1.500015
394,000000044260.jpg,1776414833.4278548,True,,1.79,1.80165
395,000000044279.jpg,1776414835.2295914,True,,1.89,1.899638
396,000000044590.jpg,1776414837.1293166,True,,1.39,1.395314
397,000000044652.jpg,1776414838.5247173,True,,1.9,1.902955
398,000000044699.jpg,1776414840.42776,True,,1.79,1.799538
399,000000044877.jpg,1776414842.2273848,True,,1.79,1.79948
400,000000045070.jpg,1776414844.0269673,True,,1.89,1.899387
401,000000045090.jpg,1776414845.9264393,True,,1.19,1.19837
402,000000045229.jpg,1776414847.1248937,True,,1.99,2.000137
403,000000045472.jpg,1776414849.1251228,True,,1.79,1.801337
404,000000045550.jpg,1776414850.926553,True,,1.89,1.901948
405,000000045596.jpg,1776414852.828595,True,,1.79,1.799129
406,000000045728.jpg,1776414854.6278052,True,,1.99,2.000816
407,000000046031.jpg,1776414856.62872,True,,1.99,1.999135
408,000000046048.jpg,1776414858.6279516,True,,2.09,2.09714
409,000000046252.jpg,1776414860.7251847,True,,1.99,1.999023
410,000000046378.jpg,1776414862.7242894,True,,1.59,1.599545
411,000000046463.jpg,1776414864.3239226,True,,1.99,2.00179
412,000000046497.jpg,1776414866.325797,True,,1.79,1.802262
413,000000046804.jpg,1776414868.1281483,True,,1.99,1.99994
414,000000046872.jpg,1776414870.1281796,True,,1.69,1.699699
415,000000047010.jpg,1776414871.8279717,True,,1.99,1.996829
416,000000047112.jpg,1776414873.8248823,True,,1.99,1.999924
417,000000047121.jpg,1776414875.824893,True,,1.89,1.902351
418,000000047571.jpg,1776414877.7273443,True,,2.39,2.399354
419,000000047585.jpg,1776414880.126783,True,,1.79,1.801394
420,000000047740.jpg,1776414881.9282658,True,,1.59,1.599358
421,000000047769.jpg,1776414883.5277126,True,,1.89,1.898631
422,000000047801.jpg,1776414885.4264326,True,,2.39,2.402061
423,000000047819.jpg,1776414887.828581,True,,2.09,2.099231
424,000000047828.jpg,1776414889.9279125,True,,1.59,1.599825
425,000000048153.jpg,1776414891.527829,True,,1.99,2.000406
426,000000048396.jpg,1776414893.5283217,True,,1.59,1.600677
427,000000048504.jpg,1776414895.129086,True,,1.69,1.695042
428,000000048555.jpg,1776414896.8242173,True,,1.99,2.000351
429,000000048564.jpg,1776414898.824654,True,,1.79,1.80217
430,000000048924.jpg,1776414900.6269186,True,,1.79,1.896117
431,000000049060.jpg,1776414902.5231204,True,,1.59,1.601598
432,000000049091.jpg,1776414904.124801,True,,1.8,1.80301
433,000000049259.jpg,1776414905.9279168,True,,1.99,1.998807
434,000000049269.jpg,1776414907.9268153,True,,1.89,1.899751
435,000000049759.jpg,1776414909.8266494,True,,1.99,2.002414
436,000000049761.jpg,1776414911.8291528,True,,1.89,1.8955
437,000000049810.jpg,1776414913.7247412,True,,1.8,1.802779
438,000000050006.jpg,1776414915.527609,True,,1.99,1.997627
439,000000050145.jpg,1776414917.5253205,True,,1.4,1.403755
440,000000050149.jpg,1776414918.9291666,True,,1.59,1.594647
441,000000050165.jpg,1776414920.5239124,True,,1.49,1.502343
442,000000050326.jpg,1776414922.0263467,True,,1.99,2.001813
443,000000050331.jpg,1776414924.0282505,True,,1.99,2.00081
444,000000050380.jpg,1776414926.0291452,True,,1.99,1.997653
445,000000050638.jpg,1776414928.0268826,True,,1.69,1.700561
446,000000050679.jpg,1776414929.7275279,True,,1.89,1.900149
447,000000050811.jpg,1776414931.6277614,True,,2.49,2.498381
448,000000050828.jpg,1776414934.1262345,True,,1.99,2.001781
449,000000050844.jpg,1776414936.1281056,True,,1.59,1.601931
450,000000050896.jpg,1776414937.7301233,True,,1.99,1.99913
451,000000050943.jpg,1776414939.7293396,True,,1.29,1.29596
452,000000051008.jpg,1776414941.0253837,True,,1.9,1.902711
453,000000051309.jpg,1776414942.9281876,True,,1.59,1.598813
454,000000051314.jpg,1776414944.527089,True,,1.99,1.998475
455,000000051326.jpg,1776414946.5256512,True,,1.9,1.904161
456,000000051598.jpg,1776414948.429912,True,,1.69,1.696794
457,000000051610.jpg,1776414950.1267889,True,,1.8,1.896148
458,000000051712.jpg,1776414952.0230198,True,,1.49,1.502234
459,000000051738.jpg,1776414953.5253422,True,,1.89,1.899906
460,000000051938.jpg,1776414955.4253383,True,,1.99,1.999455
461,000000051961.jpg,1776414957.4248803,True,,1.99,2.000166
462,000000051976.jpg,1776414959.4251297,True,,1.89,1.89947
463,000000052007.jpg,1776414961.324681,True,,1.99,2.000576
464,000000052017.jpg,1776414963.3253381,True,,1.89,1.901617
465,000000052412.jpg,1776414965.2270458,True,,1.99,1.997788
466,000000052413.jpg,1776414967.2249358,True,,1.99,1.999893
467,000000052462.jpg,1776414969.224928,True,,1.79,1.800152
468,000000052507.jpg,1776414971.0251732,True,,1.89,1.902105
469,000000052565.jpg,1776414972.9273689,True,,1.89,1.897957
470,000000052591.jpg,1776414974.8254128,True,,1.59,1.600658
471,000000052891.jpg,1776414976.4261594,True,,1.79,1.800708
472,000000052996.jpg,1776414978.2269638,True,,1.89,1.900526
473,000000053505.jpg,1776414980.127578,True,,1.89,1.896136
474,000000053529.jpg,1776414982.0238035,True,,1.99,2.000655
475,000000053624.jpg,1776414984.0245473,True,,1.99,1.999661
476,000000053626.jpg,1776414986.024299,True,,1.99,2.001733
477,000000053909.jpg,1776414988.0261204,True,,1.99,1.999121
478,000000053994.jpg,1776414990.0253239,True,,2.1,2.10379
479,000000054123.jpg,1776414992.1291974,True,,1.79,1.798411
480,000000054164.jpg,1776414993.9276965,True,,1.89,1.899579
481,000000054592.jpg,1776414995.8273633,True,,1.89,1.900327
482,000000054593.jpg,1776414997.7277834,True,,1.89,1.899854
483,000000054605.jpg,1776414999.627727,True,,2.49,2.49975
484,000000054628.jpg,1776415002.1275673,True,,1.99,2.000903
485,000000054654.jpg,1776415004.1285589,True,,1.69,1.702708
486,000000054931.jpg,1776415005.8313608,True,,1.3,1.396299
487,000000054967.jpg,1776415007.227749,True,,1.39,1.39976
488,000000055002.jpg,1776415008.627595,True,,1.49,1.500361
489,000000055022.jpg,1776415010.1280465,True,,1.49,1.50015
490,000000055072.jpg,1776415011.6282878,True,,1.39,1.40258
491,000000055150.jpg,1776415013.0309665,True,,1.8,1.896859
492,000000055167.jpg,1776415014.9279344,True,,1.59,1.598553
493,000000055299.jpg,1776415016.5265791,True,,1.79,1.801284
494,000000055528.jpg,1776415018.3279662,True,,1.99,1.997177
495,000000055950.jpg,1776415020.3252368,True,,1.8,1.804042
496,000000056127.jpg,1776415022.129363,True,,2.3,2.396024
497,000000056288.jpg,1776415024.52547,True,,1.99,2.002411
498,000000056344.jpg,1776415026.527984,True,,1.99,1.996144
499,000000056350.jpg,1776415028.524212,True,,2.5,2.504517
500,000000056545.jpg,1776415031.028814,True,,2.09,2.096679
501,000000057027.jpg,1776415033.125582,True,,1.79,1.801014
502,000000057149.jpg,1776415034.9266775,True,,1.59,1.598382
503,000000057150.jpg,1776415036.525141,True,,1.4,1.402795
504,000000057232.jpg,1776415037.9280272,True,,1.79,1.796331
505,000000057238.jpg,1776415039.724445,True,,1.5,1.503399
506,000000057244.jpg,1776415041.2279506,True,,1.49,1.495307
507,000000057597.jpg,1776415042.723343,True,,1.69,1.70129
508,000000057672.jpg,1776415044.4247198,True,,2.0,2.003191
509,000000057725.jpg,1776415046.4279988,True,,1.99,1.996061
510,000000057760.jpg,1776415048.4241474,True,,1.7,1.703028
511,000000058029.jpg,1776415050.1272595,True,,1.99,2.000399
512,000000058111.jpg,1776415052.127743,True,,2.49,2.49929
513,000000058350.jpg,1776415054.6271138,True,,1.89,1.9006
514,000000058384.jpg,1776415056.5277998,True,,1.89,1.902232
515,000000058393.jpg,1776415058.4301205,True,,1.99,1.995989
516,000000058539.jpg,1776415060.4261954,True,,1.89,1.897576
517,000000058636.jpg,1776415062.3238516,True,,2.4,2.404095
518,000000058655.jpg,1776415064.728036,True,,1.79,1.797098
519,000000058705.jpg,1776415066.5252252,True,,1.99,2.000126
520,000000059044.jpg,1776415068.525442,True,,1.9,1.902888
521,000000059386.jpg,1776415070.428419,True,,1.79,1.798608
522,000000059598.jpg,1776415072.2271225,True,,1.99,2.000311
523,000000059635.jpg,1776415074.2275186,True,,1.9,1.903504
524,000000059920.jpg,1776415076.1311128,True,,1.9,1.994287
525,000000060052.jpg,1776415078.1254883,True,,1.89,1.900397
526,000000060090.jpg,1776415080.0259905,True,,1.89,1.898685
527,000000060102.jpg,1776415081.9247637,True,,1.6,1.604336
528,000000060347.jpg,1776415083.529181,True,,1.79,1.794806
529,000000060363.jpg,1776415085.324074,True,,1.99,2.000775
530,000000060449.jpg,1776415087.3249435,True,,2.1,2.102995
531,000000060507.jpg,1776415089.4280243,True,,1.79,1.798502
532,000000060770.jpg,1776415091.2266176,True,,1.99,1.999431
533,000000060823.jpg,1776415093.2261412,True,,1.99,2.002267
534,000000060835.jpg,1776415095.228496,True,,1.99,1.995133
535,000000060855.jpg,1776415097.223711,True,,2.0,2.005285
536,000000060886.jpg,1776415099.2290852,True,,1.89,1.898354
537,000000060899.jpg,1776415101.1275291,True,,1.29,1.301757
538,000000060932.jpg,1776415102.4293756,True,,1.79,1.797857
539,000000061108.jpg,1776415104.2273228,True,,2.09,2.100553
540,000000061171.jpg,1776415106.3279843,True,,1.99,1.996174
541,000000061268.jpg,1776415108.324244,True,,1.79,1.801643
542,000000061333.jpg,1776415110.1259868,True,,1.89,1.901818
543,000000061418.jpg,1776415112.0278893,True,,1.89,1.899731
544,000000061471.jpg,1776415113.92771,True,,1.89,1.898818
545,000000061584.jpg,1776415115.8266034,True,,1.89,1.900106
546,000000061658.jpg,1776415117.7267952,True,,1.79,1.80057
547,000000061747.jpg,1776415119.5274475,True,,2.29,2.300027
548,000000061960.jpg,1776415121.827554,True,,1.59,1.598157
549,000000062025.jpg,1776415123.4257927,True,,1.89,1.900859
550,000000062353.jpg,1776415125.3267324,True,,1.9,1.903662
551,000000062355.jpg,1776415127.2304773,True,,1.89,1.893386
552,000000062554.jpg,1776415129.1239629,True,,1.8,1.802522
553,000000062692.jpg,1776415130.9265683,True,,1.89,1.896883
554,000000062808.jpg,1776415132.823533,True,,1.9,1.902802
555,000000063047.jpg,1776415134.7264214,True,,2.19,2.202245
556,000000063154.jpg,1776415136.9287553,True,,1.89,1.895643
557,000000063552.jpg,1776415138.8244855,True,,2.3,2.303153
558,000000063602.jpg,1776415141.1277266,True,,1.79,1.800873
559,000000063740.jpg,1776415142.9286928,True,,1.89,1.89598
560,000000063965.jpg,1776415144.824758,True,,1.7,1.704634
561,000000064084.jpg,1776415146.5294826,True,,1.79,1.799925
562,000000064359.jpg,1776415148.3294966,True,,1.89,1.894144
563,000000064462.jpg,1776415150.22372,True,,1.89,1.9021
564,000000064495.jpg,1776415152.1259177,True,,1.89,1.900802
565,000000064499.jpg,1776415154.0267973,True,,1.89,1.900184
566,000000064523.jpg,1776415155.9270656,True,,1.79,1.8006
567,000000064574.jpg,1776415157.7277539,True,,1.89,1.899661
568,000000064718.jpg,1776415159.627505,True,,1.89,1.899165
569,000000064868.jpg,1776415161.5267587,True,,1.89,1.900923
570,000000064898.jpg,1776415163.427775,True,,1.79,1.79986
571,000000065074.jpg,1776415165.2277284,True,,1.59,1.595834
572,000000065288.jpg,1776415166.8236465,True,,1.8,1.803349
573,000000065350.jpg,1776415168.6270843,True,,1.79,1.798654
574,000000065455.jpg,1776415170.4258308,True,,1.89,1.901156
575,000000065485.jpg,1776415172.3270783,True,,1.59,1.598977
576,000000065736.jpg,1776415173.926143,True,,1.79,1.798593
577,000000065798.jpg,1776415175.7248192,True,,1.89,1.902295
578,000000066038.jpg,1776415177.6272054,True,,1.99,1.997137
579,000000066135.jpg,1776415179.6244283,True,,1.9,1.906447
580,000000066231.jpg,1776415181.5309775,True,,1.89,1.896873
581,000000066523.jpg,1776415183.427952,True,,1.99,1.99671
582,000000066561.jpg,1776415185.424751,True,,1.9,1.903116
583,000000066635.jpg,1776415187.3279722,True,,1.99,1.999869
584,000000066706.jpg,1776415189.327948,True,,2.39,2.401383
585,000000066771.jpg,1776415191.7294514,True,,1.89,1.899236
586,000000066817.jpg,1776415193.6287735,True,,2.49,2.500393
587,000000066841.jpg,1776415196.1292615,True,,1.89,1.896885
588,000000066886.jpg,1776415198.0262423,True,,1.89,1.898412
589,000000066926.jpg,1776415199.9247422,True,,1.99,1.999303
590,000000067180.jpg,1776415201.9241323,True,,1.7,1.703394
591,000000067213.jpg,1776415203.6276138,True,,1.59,1.597197
592,000000067310.jpg,1776415205.22491,True,,1.49,1.501657
593,000000067315.jpg,1776415206.7266598,True,,1.89,1.898381
594,000000067406.jpg,1776415208.6251273,True,,1.89,1.898059
595,000000067534.jpg,1776415210.5232651,True,,1.49,1.500235
596,000000067616.jpg,1776415212.0235896,True,,1.99,1.999845
597,000000067896.jpg,1776415214.023517,True,,1.8,1.803356
598,000000068078.jpg,1776415215.826973,True,,1.59,1.600669
599,000000068093.jpg,1776415217.4277303,True,,1.99,1.997145
600,000000068286.jpg,1776415219.424968,True,,1.59,1.601024
601,000000068387.jpg,1776415221.026074,True,,2.0,2.003067
602,000000068409.jpg,1776415223.0292284,True,,1.49,1.498889
603,000000068628.jpg,1776415224.528202,True,,1.89,1.898974
604,000000068765.jpg,1776415226.4272666,True,,1.79,1.800751
605,000000068833.jpg,1776415228.228105,True,,1.89,1.899447
606,000000068933.jpg,1776415230.1276438,True,,1.59,1.60237
607,000000069106.jpg,1776415231.7301211,True,,1.4,1.493867
608,000000069138.jpg,1776415233.2240734,True,,1.69,1.699758
609,000000069213.jpg,1776415234.9239275,True,,1.9,1.903794
610,000000069224.jpg,1776415236.82781,True,,1.89,1.900342
611,000000069356.jpg,1776415238.7282424,True,,1.59,1.598434
612,000000069795.jpg,1776415240.3267887,True,,1.49,1.499116
613,000000070048.jpg,1776415241.8259935,True,,1.89,1.9016
614,000000070158.jpg,1776415243.7276857,True,,1.99,1.996325
615,000000070229.jpg,1776415245.724098,True,,2.09,2.100663
616,000000070254.jpg,1776415247.82485,True,,1.59,1.601342
617,000000070739.jpg,1776415249.4262784,True,,1.89,1.896928
618,000000070774.jpg,1776415251.3232903,True,,1.6,1.606194
619,000000071226.jpg,1776415252.9295726,True,,1.39,1.393735
620,000000071451.jpg,1776415254.323392,True,,1.5,1.503173
621,000000071711.jpg,1776415255.8266542,True,,1.89,1.899932
622,000000071756.jpg,1776415257.7266686,True,,2.09,2.102356
623,000000071877.jpg,1776415259.8291073,True,,1.79,1.794994
624,000000071938.jpg,1776415261.6241927,True,,1.99,2.000663
625,000000072281.jpg,1776415263.6249554,True,,1.99,1.999437
626,000000072795.jpg,1776415265.6244764,True,,2.0,2.003445
627,000000072813.jpg,1776415267.6280098,True,,1.89,1.898958
628,000000072852.jpg,1776415269.5270588,True,,1.89,1.9011
629,000000073118.jpg,1776415271.428246,True,,1.89,1.898436
630,000000073153.jpg,1776415273.3267722,True,,1.39,1.39729
631,000000073326.jpg,1776415274.7241511,True,,1.49,1.501464
632,000000073533.jpg,1776415276.2257001,True,,1.49,1.498797
633,000000073702.jpg,1776415277.7245836,True,,1.49,1.499773
634,000000073946.jpg,1776415279.2244446,True,,1.3,1.305127
635,000000074058.jpg,1776415280.5296636,True,,1.79,1.797841
636,000000074092.jpg,1776415282.3275988,True,,1.89,1.897021
637,000000074200.jpg,1776415284.224714,True,,1.9,1.903502
638,000000074209.jpg,1776415286.1283162,True,,1.99,1.996531
639,000000074256.jpg,1776415288.1249523,True,,1.9,1.90428
640,000000074457.jpg,1776415290.0293248,True,,1.5,1.598164
641,000000074646.jpg,1776415291.62758,True,,1.79,1.800041
642,000000074733.jpg,1776415293.4277155,True,,2.59,2.599466
643,000000074860.jpg,1776415296.0272658,True,,1.99,1.997838
644,000000075393.jpg,1776415298.0251963,True,,1.89,1.898431
645,000000075456.jpg,1776415299.9237103,True,,1.8,1.804849
646,000000075612.jpg,1776415301.7286608,True,,1.99,1.996369
647,000000076211.jpg,1776415303.7251124,True,,2.0,2.003758
648,000000076261.jpg,1776415305.7289789,True,,1.89,1.898772
649,000000076416.jpg,1776415307.6278408,True,,1.99,1.996853
650,000000076417.jpg,1776415309.6247818,True,,1.5,1.502916
651,000000076468.jpg,1776415311.127785,True,,1.79,1.799979
652,000000076547.jpg,1776415312.9278498,True,,1.99,1.997037
653,000000076625.jpg,1776415314.924985,True,,2.09,2.099658
654,000000076731.jpg,1776415317.024731,True,,1.7,1.702571
655,000000077396.jpg,1776415318.7273934,True,,1.99,1.997843
656,000000077460.jpg,1776415320.725323,True,,1.69,1.698791
657,000000077595.jpg,1776415322.4241967,True,,1.4,1.402609
658,000000078032.jpg,1776415323.8268933,True,,1.19,1.202359
659,000000078170.jpg,1776415325.0293581,True,,1.79,1.797182
660,000000078266.jpg,1776415326.8266258,True,,1.39,1.398956
661,000000078404.jpg,1776415328.2256699,True,,1.39,1.398322
662,000000078420.jpg,1776415329.6240802,True,,1.4,1.40379
663,000000078426.jpg,1776415331.027967,True,,1.69,1.695302
664,000000078565.jpg,1776415332.7233515,True,,1.5,1.502935
665,000000078748.jpg,1776415334.2263744,True,,1.39,1.401083
666,000000078823.jpg,1776415335.6275465,True,,1.49,1.500082
667,000000078843.jpg,1776415337.1277242,True,,1.49,1.496413
668,000000078915.jpg,1776415338.6242247,True,,1.89,1.901042
669,000000078959.jpg,1776415340.525354,True,,1.59,1.602033
670,000000079014.jpg,1776415342.1274767,True,,1.59,1.60041
671,000000079031.jpg,1776415343.7279987,True,,1.89,1.895939
672,000000079034.jpg,1776415345.6240242,True,,1.89,1.902457
673,000000079144.jpg,1776415347.5265725,True,,1.99,1.997469
674,000000079188.jpg,1776415349.524129,True,,2.0,2.003725
675,000000079229.jpg,1776415351.5279675,True,,1.79,1.798373
676,000000079408.jpg,1776415353.3264306,True,,1.99,1.998261
677,000000079565.jpg,1776415355.3247783,True,,2.0,2.003886
678,000000079588.jpg,1776415357.3287551,True,,1.79,1.798417
679,000000079651.jpg,1776415359.1272643,True,,1.99,1.998758
680,000000079837.jpg,1776415361.126119,True,,1.9,1.902545
681,000000079969.jpg,1776415363.0287454,True,,1.99,1.996462
682,000000080022.jpg,1776415365.0252876,True,,1.89,1.902256
683,000000080057.jpg,1776415366.9276245,True,,1.79,1.799463
684,000000080153.jpg,1776415368.7271776,True,,1.89,1.896504
685,000000080273.jpg,1776415370.6237626,True,,1.79,1.801518
686,000000080274.jpg,1776415372.4253645,True,,1.79,1.802225
687,000000080340.jpg,1776415374.2276769,True,,1.79,1.797106
688,000000080413.jpg,1776415376.0248609,True,,1.89,1.902091
689,000000080659.jpg,1776415377.9270358,True,,1.89,1.896194
690,000000080666.jpg,1776415379.823315,True,,2.29,2.301591
691,000000080671.jpg,1776415382.124998,True,,1.7,1.703149
692,000000080932.jpg,1776415383.828237,True,,1.89,1.898728
693,000000080949.jpg,1776415385.727057,True,,1.89,1.900346
694,000000081061.jpg,1776415387.6274931,True,,1.79,1.796823
695,000000081394.jpg,1776415389.4243999,True,,1.99,2.000019
696,000000081594.jpg,1776415391.424504,True,,1.99,2.000895
697,000000081738.jpg,1776415393.4254842,True,,1.99,2.002394
698,000000081766.jpg,1776415395.4279835,True,,1.79,1.798747
699,000000081988.jpg,1776415397.2268162,True,,1.79,1.799657
700,000000082085.jpg,1776415399.0265582,True,,1.79,1.799783
701,000000082180.jpg,1776415400.8264256,True,,1.79,1.800321
702,000000082688.jpg,1776415402.6268325,True,,1.79,1.79747
703,000000082696.jpg,1776415404.4243884,True,,1.79,1.799338
704,000000082715.jpg,1776415406.223811,True,,1.8,1.802875
705,000000082765.jpg,1776415408.026768,True,,1.79,1.797765
706,000000082807.jpg,1776415409.8246167,True,,2.19,2.201822
707,000000082812.jpg,1776415412.0265255,True,,1.59,1.599741
708,000000082821.jpg,1776415413.6263514,True,,1.79,1.800437
709,000000082846.jpg,1776415415.426884,True,,1.99,1.997561
710,000000082986.jpg,1776415417.424529,True,,1.89,1.902132
711,000000083113.jpg,1776415419.3267522,True,,1.89,1.89686
712,000000083172.jpg,1776415421.223695,True,,1.8,1.899089
713,000000083531.jpg,1776415423.1228673,True,,1.39,1.400947
714,000000083540.jpg,1776415424.5239162,True,,1.79,1.802364
715,000000084031.jpg,1776415426.326365,True,,1.89,1.897606
716,000000084170.jpg,1776415428.224052,True,,1.99,1.999981
717,000000084241.jpg,1776415430.224121,True,,1.7,1.703515
718,000000084270.jpg,1776415431.9277196,True,,2.0,2.003065
719,000000084362.jpg,1776415433.9308746,True,,1.99,1.996921
720,000000084431.jpg,1776415435.927882,True,,1.69,1.698798
721,000000084477.jpg,1776415437.62677,True,,1.89,1.901247
722,000000084492.jpg,1776415439.528106,True,,1.89,1.900047
723,000000084650.jpg,1776415441.4282362,True,,1.89,1.897566
724,000000084664.jpg,1776415443.3258877,True,,2.39,2.401047
725,000000084674.jpg,1776415445.7270243,True,,1.89,1.900683
726,000000084752.jpg,1776415447.6277897,True,,1.79,1.799006
727,000000085089.jpg,1776415449.4268832,True,,1.79,1.797114
728,000000085157.jpg,1776415451.2240791,True,,1.9,1.902644
729,000000085195.jpg,1776415453.1268125,True,,1.49,1.502705
730,000000085329.jpg,1776415454.6296065,True,,1.49,1.498125
731,000000085376.jpg,1776415456.1278243,True,,1.69,1.700206
732,000000085478.jpg,1776415457.8281183,True,,1.69,1.6969
733,000000085576.jpg,1776415459.525103,True,,1.7,1.703401
734,000000085665.jpg,1776415461.2285962,True,,1.79,1.800238
735,000000085682.jpg,1776415463.028933,True,,1.89,1.900208
736,000000085772.jpg,1776415464.929229,True,,1.99,1.994841
737,000000085823.jpg,1776415466.9241576,True,,1.89,1.901033
738,000000085911.jpg,1776415468.82528,True,,1.69,1.702173
739,000000086220.jpg,1776415470.5275395,True,,1.79,1.797776
740,000000086483.jpg,1776415472.3254046,True,,1.99,1.998995
741,000000086582.jpg,1776415474.3244846,True,,1.89,1.899229
742,000000086755.jpg,1776415476.223804,True,,2.0,2.00531
743,000000086956.jpg,1776415478.2292032,True,,1.99,1.995659
744,000000087038.jpg,1776415480.2249653,True,,2.0,2.003214
745,000000087144.jpg,1776415482.2282712,True,,1.89,1.900082
746,000000087244.jpg,1776415484.1284447,True,,1.89,1.896344
747,000000087470.jpg,1776415486.0248697,True,,1.69,1.701743
748,000000087476.jpg,1776415487.7267075,True,,1.79,1.801066
749,000000087742.jpg,1776415489.5278547,True,,2.19,2.200136
750,000000087875.jpg,1776415491.7280862,True,,2.09,2.100698
751,000000088040.jpg,1776415493.8288708,True,,1.89,1.899244
752,000000088218.jpg,1776415495.7282014,True,,1.69,1.697198
753,000000088250.jpg,1776415497.425486,True,,1.99,1.999556
754,000000088265.jpg,1776415499.4251337,True,,1.89,1.902241
755,000000088269.jpg,1776415501.3274634,True,,1.99,2.000953
756,000000088345.jpg,1776415503.3285024,True,,1.79,1.796819
757,000000088432.jpg,1776415505.1254084,True,,2.0,2.002985
758,000000088462.jpg,1776415507.1284828,True,,1.69,1.698368
759,000000088485.jpg,1776415508.8269534,True,,1.89,1.896995
760,000000088848.jpg,1776415510.724038,True,,2.6,2.603773
761,000000088951.jpg,1776415513.3279111,True,,1.89,1.900126
762,000000088970.jpg,1776415515.2281287,True,,1.99,1.996571
763,000000089045.jpg,1776415517.224795,True,,1.7,1.798284
764,000000089078.jpg,1776415519.0231624,True,,1.9,1.905111
765,000000089271.jpg,1776415520.9283643,True,,2.29,2.295146
766,000000089296.jpg,1776415523.2235944,True,,1.79,1.800065
767,000000089556.jpg,1776415525.0237389,True,,1.8,1.803847
768,000000089648.jpg,1776415526.8276737,True,,1.79,1.796335
769,000000089670.jpg,1776415528.624094,True,,1.8,1.802898
770,000000089697.jpg,1776415530.4270792,True,,1.79,1.802312
771,000000089761.jpg,1776415532.2294824,True,,1.79,1.797073
772,000000089880.jpg,1776415534.0266438,True,,1.39,1.399302
773,000000090003.jpg,1776415535.4260335,True,,1.39,1.398012
774,000000090062.jpg,1776415536.8241298,True,,1.3,1.302984
775,000000090108.jpg,1776415538.127201,True,,1.79,1.796866
776,000000090155.jpg,1776415539.924156,True,,1.89,1.900728
777,000000090208.jpg,1776415541.8249874,True,,1.89,1.899332
778,000000090284.jpg,1776415543.7244058,True,,2.39,2.40104
779,000000090631.jpg,1776415546.1255286,True,,1.6,1.697567
780,000000090891.jpg,1776415547.8231785,True,,1.7,1.706483
781,000000090956.jpg,1776415549.5297453,True,,1.79,1.797859
782,000000091406.jpg,1776415551.3276951,True,,1.89,1.896086
783,000000091495.jpg,1776415553.2238688,True,,1.89,1.901414
784,000000091500.jpg,1776415555.1253698,True,,1.9,1.903214
785,000000091615.jpg,1776415557.0286753,True,,1.29,1.302001
786,000000091619.jpg,1776415558.3307679,True,,1.79,1.794371
787,000000091654.jpg,1776415560.125229,True,,1.9,1.902791
788,000000091779.jpg,1776415562.0281112,True,,1.79,1.800229
789,000000091921.jpg,1776415563.8284304,True,,1.79,1.798944
790,000000092053.jpg,1776415565.6274598,True,,1.79,1.800283
791,000000092091.jpg,1776415567.4278352,True,,1.59,1.59579
792,000000092124.jpg,1776415569.0237122,True,,1.19,1.202493
793,000000092177.jpg,1776415570.2262905,True,,2.59,2.600706
794,000000092416.jpg,1776415572.827086,True,,1.99,2.000509
795,000000092660.jpg,1776415574.8276815,True,,1.39,1.396474
796,000000092839.jpg,1776415576.2242396,True,,2.09,2.099292
797,000000092939.jpg,1776415578.3236153,True,,1.79,1.80114
798,000000093154.jpg,1776415580.1248438,True,,1.79,1.800077
799,000000093261.jpg,1776415581.9250066,True,,1.9,1.902733
800,000000093353.jpg,1776415583.827826,True,,1.99,1.997654
801,000000093437.jpg,1776415585.8255746,True,,1.69,1.698946
802,000000093717.jpg,1776415587.5246122,True,,1.29,1.300762
803,000000093965.jpg,1776415588.8254623,True,,1.49,1.502673
804,000000094157.jpg,1776415590.3282251,True,,1.69,1.69834
805,000000094185.jpg,1776415592.0266542,True,,1.89,1.901855
806,000000094326.jpg,1776415593.9286003,True,,1.89,1.89936
807,000000094336.jpg,1776415595.8280437,True,,1.89,1.896734
808,000000094614.jpg,1776415597.724861,True,,1.8,1.802535
809,000000094751.jpg,1776415599.5274851,True,,1.79,1.800281
810,000000094852.jpg,1776415601.3278596,True,,2.09,2.097864
811,000000094871.jpg,1776415603.4258113,True,,1.79,1.801743
812,000000094944.jpg,1776415605.2276409,True,,1.59,1.602036
813,000000095069.jpg,1776415606.829764,True,,1.89,1.893588
814,000000095155.jpg,1776415608.723435,True,,1.6,1.604315
815,000000095707.jpg,1776415610.327862,True,,1.49,1.500553
816,000000095786.jpg,1776415611.8285036,True,,1.69,1.700765
817,000000095843.jpg,1776415613.5293553,True,,1.6,1.693947
818,000000095862.jpg,1776415615.2233832,True,,1.6,1.604134
819,000000095899.jpg,1776415616.8276055,True,,1.79,1.798998
820,000000096001.jpg,1776415618.626693,True,,1.39,1.396453
821,000000096427.jpg,1776415620.023223,True,,1.6,1.603557
822,000000096493.jpg,1776415621.626869,True,,1.29,1.302412
823,000000096549.jpg,1776415622.9293659,True,,0.8,0.898605
824,000000096825.jpg,1776415623.8280632,True,,1.79,1.801503
825,000000096960.jpg,1776415625.629653,True,,1.3,1.398321
826,000000097022.jpg,1776415627.0280645,True,,1.79,1.799216
827,000000097230.jpg,1776415628.8273633,True,,1.99,1.99752
828,000000097278.jpg,1776415630.8249826,True,,1.79,1.798798
829,000000097337.jpg,1776415632.623869,True,,1.3,1.307344
830,000000097585.jpg,1776415633.9312963,True,,1.79,1.796568
831,000000097679.jpg,1776415635.7279692,True,,1.99,1.997449
832,000000097924.jpg,1776415637.7255096,True,,1.79,1.80151
833,000000097988.jpg,1776415639.527105,True,,2.69,2.698348
834,000000097994.jpg,1776415642.2255385,True,,1.79,1.802179
835,000000098018.jpg,1776415644.027808,True,,1.69,1.699048
836,000000098261.jpg,1776415645.7269485,True,,1.89,1.896429
837,000000098287.jpg,1776415647.6234608,True,,1.6,1.603997
838,000000098392.jpg,1776415649.2275445,True,,1.99,1.998657
839,000000098497.jpg,1776415651.2262876,True,,1.79,1.801262
840,000000098520.jpg,1776415653.0276427,True,,1.69,1.700145
841,000000098633.jpg,1776415654.7278748,True,,1.69,1.696858
842,000000098716.jpg,1776415656.4248188,True,,1.5,1.505124
843,000000098839.jpg,1776415657.9300358,True,,1.79,1.797568
844,000000098853.jpg,1776415659.7276871,True,,1.79,1.799508
845,000000099024.jpg,1776415661.5272806,True,,1.99,1.997796
846,000000099039.jpg,1776415663.5251596,True,,1.9,1.903024
847,000000099053.jpg,1776415665.4282708,True,,2.39,2.398144
848,000000099054.jpg,1776415667.8264997,True,,1.89,1.89835
849,000000099114.jpg,1776415669.7249515,True,,1.89,1.899829
850,000000099182.jpg,1776415671.6248682,True,,1.9,1.902631
851,000000099242.jpg,1776415673.527589,True,,1.89,1.900029
852,000000099428.jpg,1776415675.4277084,True,,1.89,1.900817
853,000000099810.jpg,1776415677.3286135,True,,1.79,1.801412
854,000000100238.jpg,1776415679.1301167,True,,1.49,1.493919
855,000000100274.jpg,1776415680.6241212,True,,1.89,1.900713
856,000000100283.jpg,1776415682.524935,True,,1.99,2.000864
857,000000100428.jpg,1776415684.5258849,True,,2.0,2.003387
858,000000100489.jpg,1776415686.5293615,True,,1.79,1.797944
859,000000100510.jpg,1776415688.327395,True,,1.89,1.899115
860,000000100582.jpg,1776415690.226599,True,,1.79,1.799679
861,000000100624.jpg,1776415692.0263665,True,,1.79,1.796964
862,000000100723.jpg,1776415693.8234177,True,,1.6,1.60615
863,000000101022.jpg,1776415695.4296563,True,,1.89,1.89421
864,000000101068.jpg,1776415697.3239672,True,,1.8,1.804041
865,000000101420.jpg,1776415699.1280918,True,,1.39,1.400139
866,000000101762.jpg,1776415700.528321,True,,1.69,1.699284
867,000000101780.jpg,1776415702.2276983,True,,1.39,1.398467
868,000000101787.jpg,1776415703.626255,True,,1.39,1.397354
869,000000101884.jpg,1776415705.0236928,True,,1.39,1.401909
870,000000102331.jpg,1776415706.4256935,True,,1.4,1.40283
871,000000102356.jpg,1776415707.8286104,True,,1.29,1.300388
872,000000102411.jpg,1776415709.1290925,True,,1.69,1.697225
873,000000102644.jpg,1776415710.8264086,True,,1.89,1.901342
874,000000102707.jpg,1776415712.7278411,True,,2.39,2.399193
875,000000102805.jpg,1776415715.1271179,True,,1.79,1.796243
876,000000102820.jpg,1776415716.9234414,True,,1.6,1.603854
877,000000103548.jpg,1776415718.527376,True,,1.79,1.800474
878,000000103585.jpg,1776415720.3279593,True,,1.79,1.798429
879,000000103723.jpg,1776415722.1264696,True,,1.79,1.801407
880,000000104119.jpg,1776415723.927982,True,,1.89,1.896753
881,000000104198.jpg,1776415725.8248186,True,,1.8,1.802735
882,000000104424.jpg,1776415727.627649,True,,1.89,1.899818
883,000000104455.jpg,1776415729.5275652,True,,1.99,1.998199
884,000000104572.jpg,1776415731.5258484,True,,1.79,1.801934
885,000000104603.jpg,1776415733.3278713,True,,1.69,1.700129
886,000000104612.jpg,1776415735.02809,True,,1.89,1.900437
887,000000104619.jpg,1776415736.9286149,True,,1.99,1.999259
888,000000104666.jpg,1776415738.927982,True,,1.89,1.900255
889,000000104669.jpg,1776415740.8283262,True,,1.79,1.799408
890,000000104782.jpg,1776415742.6278262,True,,1.79,1.799826
891,000000104803.jpg,1776415744.4277377,True,,1.99,2.001649
892,000000105014.jpg,1776415746.429477,True,,1.89,1.898656
893,000000105249.jpg,1776415748.3282378,True,,1.89,1.897056
894,000000105264.jpg,1776415750.225379,True,,1.69,1.701454
895,000000105335.jpg,1776415751.9269373,True,,2.19,2.198339
896,000000105455.jpg,1776415754.1253633,True,,1.79,1.802266
897,000000105912.jpg,1776415755.9277267,True,,1.89,1.898547
898,000000105923.jpg,1776415757.8263593,True,,1.89,1.896886
899,000000106048.jpg,1776415759.7233293,True,,1.7,1.705254
900,000000106235.jpg,1776415761.4286752,True,,1.99,1.999624
901,000000106266.jpg,1776415763.4283912,True,,1.89,1.896457
902,000000106281.jpg,1776415765.3249395,True,,1.49,1.500182
903,000000106330.jpg,1776415766.825207,True,,1.29,1.302063
904,000000106389.jpg,1776415768.1273582,True,,1.89,1.895952
905,000000106563.jpg,1776415770.0233934,True,,2.49,2.500406
906,000000106757.jpg,1776415772.523888,True,,1.8,1.803352
907,000000106881.jpg,1776415774.32733,True,,2.19,2.198735
908,000000106912.jpg,1776415776.526155,True,,2.59,2.600679
909,000000107087.jpg,1776415779.1269343,True,,1.99,1.996665
910,000000107094.jpg,1776415781.1236832,True,,1.8,1.804015
911,000000107226.jpg,1776415782.927789,True,,1.69,1.699925
912,000000107339.jpg,1776415784.6278005,True,,1.79,1.797051
913,000000107554.jpg,1776415786.4249563,True,,1.89,1.901341
914,000000107851.jpg,1776415788.3264015,True,,1.99,2.001989
915,000000108026.jpg,1776415790.3284883,True,,1.39,1.400693
916,000000108244.jpg,1776415791.7292738,True,,1.79,1.798544
917,000000108253.jpg,1776415793.5279198,True,,1.89,1.898223
918,000000108440.jpg,1776415795.4262288,True,,1.79,1.800655
919,000000108495.jpg,1776415797.2269878,True,,1.79,1.800965
920,000000108503.jpg,1776415799.028038,True,,1.79,1.799898
921,000000108864.jpg,1776415800.828029,True,,1.89,1.899565
922,000000109055.jpg,1776415802.7276924,True,,1.79,1.799621
923,000000109118.jpg,1776415804.5273986,True,,1.89,1.898938
924,000000109313.jpg,1776415806.4264238,True,,1.89,1.899811
925,000000109441.jpg,1776415808.3263228,True,,1.79,1.799412
926,000000109798.jpg,1776415810.1258295,True,,1.79,1.79916
927,000000109827.jpg,1776415811.9250827,True,,1.29,1.301868
928,000000109900.jpg,1776415813.2270339,True,,1.89,1.901418
929,000000109916.jpg,1776415815.1285439,True,,1.99,1.997247
930,000000109976.jpg,1776415817.1258798,True,,1.99,1.999296
931,000000109992.jpg,1776415819.1252646,True,,1.69,1.701822
932,000000110042.jpg,1776415820.8271756,True,,1.49,1.496895
933,000000110211.jpg,1776415822.3241522,True,,1.4,1.498873
934,000000110282.jpg,1776415823.8231108,True,,1.6,1.606898
935,000000110359.jpg,1776415825.4300961,True,,1.69,1.700352
936,000000110449.jpg,1776415827.1305392,True,,1.49,1.493422
937,000000110638.jpg,1776415828.6240501,True,,1.3,1.305091
938,000000110721.jpg,1776415829.9292312,True,,1.79,1.799963
939,000000110784.jpg,1776415831.7292802,True,,1.7,1.798162
940,000000110884.jpg,1776415833.5275326,True,,2.49,2.500295
941,000000110972.jpg,1776415836.0279279,True,,1.89,1.898183
942,000000110999.jpg,1776415837.9262016,True,,1.49,1.500398
943,000000111036.jpg,1776415839.426682,True,,1.79,1.800053
944,000000111086.jpg,1776415841.226821,True,,1.79,1.79968
945,000000111179.jpg,1776415843.0265887,True,,1.89,1.902071
946,000000111207.jpg,1776415844.9287574,True,,1.89,1.898954
947,000000111609.jpg,1776415846.8278008,True,,1.89,1.900291
948,000000111951.jpg,1776415848.728184,True,,1.79,1.799835
949,000000112110.jpg,1776415850.5281088,True,,1.69,1.794969
950,000000112298.jpg,1776415852.3231587,True,,1.7,1.705107
951,000000112378.jpg,1776415854.0283678,True,,1.69,1.699431
952,000000112626.jpg,1776415855.7278857,True,,1.79,1.795436
953,000000112634.jpg,1776415857.5234027,True,,1.6,1.606245
954,000000112798.jpg,1776415859.1297367,True,,1.59,1.595986
955,000000112997.jpg,1776415860.725809,True,,1.79,1.800731
956,000000113051.jpg,1776415862.5266256,True,,1.79,1.800545
957,000000113235.jpg,1776415864.3272548,True,,1.79,1.800114
958,000000113354.jpg,1776415866.1274555,True,,1.79,1.799881
959,000000113403.jpg,1776415867.927424,True,,1.79,1.798998
960,000000113589.jpg,1776415869.7265058,True,,1.89,1.897888
961,000000113720.jpg,1776415871.6244721,True,,1.79,1.799121
962,000000113867.jpg,1776415873.4236715,True,,2.39,2.399453
963,000000114049.jpg,1776415875.823203,True,,1.6,1.607523
964,000000114770.jpg,1776415877.4308085,True,,1.5,1.595604
965,000000114871.jpg,1776415879.0264957,True,,1.69,1.69968
966,000000114884.jpg,1776415880.7262611,True,,1.69,1.699986
967,000000114907.jpg,1776415882.4263341,True,,1.69,1.697811
968,000000115118.jpg,1776415884.1242273,True,,1.69,1.699722
969,000000115245.jpg,1776415885.824035,True,,2.39,2.402435
970,000000115870.jpg,1776415888.2265577,True,,1.79,1.797028
971,000000115885.jpg,1776415890.0236712,True,,1.8,1.804639
972,000000115898.jpg,1776415891.8284001,True,,1.69,1.700609
973,000000115946.jpg,1776415893.5290966,True,,1.79,1.799096
974,000000116068.jpg,1776415895.32828,True,,1.79,1.799195
975,000000116206.jpg,1776415897.1275585,True,,1.79,1.799803
976,000000116208.jpg,1776415898.9274437,True,,1.79,1.800605
977,000000116362.jpg,1776415900.7281427,True,,2.49,2.499077
978,000000116439.jpg,1776415903.2273152,True,,1.79,1.79674
979,000000116479.jpg,1776415905.024137,True,,1.6,1.604831
980,000000116589.jpg,1776415906.629054,True,,1.89,1.895701
981,000000116825.jpg,1776415908.5248406,True,,1.49,1.500664
982,000000117197.jpg,1776415910.0255866,True,,1.79,1.802123
983,000000117374.jpg,1776415911.827794,True,,1.69,1.69721
984,000000117425.jpg,1776415913.5250862,True,,1.69,1.701735
985,000000117492.jpg,1776415915.2269204,True,,1.69,1.699619
986,000000117525.jpg,1776415916.9266222,True,,2.3,2.303163
987,000000117645.jpg,1776415919.2298675,True,,1.79,1.798164
988,000000117719.jpg,1776415921.0281193,True,,1.79,1.799033
989,000000117744.jpg,1776415922.8272347,True,,1.59,1.596673
990,000000117908.jpg,1776415924.423991,True,,1.6,1.604487
991,000000117914.jpg,1776415926.0285635,True,,1.69,1.701165
992,000000118209.jpg,1776415927.7298095,True,,1.79,1.797054
993,000000118367.jpg,1776415929.526956,True,,1.69,1.701172
994,000000118405.jpg,1776415931.228211,True,,1.89,1.895896
995,000000118515.jpg,1776415933.1241906,True,,1.49,1.50039
996,000000118594.jpg,1776415934.6246662,True,,1.8,1.803124
997,000000118921.jpg,1776415936.4278753,True,,1.69,1.699294
998,000000119038.jpg,1776415938.1272528,True,,1.89,1.898873
999,000000119088.jpg,1776415940.0262113,True,,1.99,1.998477
1000,000000119233.jpg,1776415942.024771,True,,1.69,1.699712
1001,000000119365.jpg,1776415943.7245655,True,,1.8,1.803618
1002,000000119445.jpg,1776415945.5282733,True,,1.69,1.698323
1003,000000119452.jpg,1776415947.22668,True,,1.79,1.800629
1004,000000119516.jpg,1776415949.027398,True,,1.69,1.701857
1005,000000119641.jpg,1776415950.7293463,True,,1.7,1.798196
1006,000000119677.jpg,1776415952.5276234,True,,1.79,1.799884
1007,000000119828.jpg,1776415954.3275864,True,,1.79,1.798757
1008,000000119911.jpg,1776415956.1264265,True,,1.79,1.796991
1009,000000119995.jpg,1776415957.9234967,True,,2.4,2.405282
1010,000000120420.jpg,1776415960.3288646,True,,1.79,1.801094
1011,000000120572.jpg,1776415962.1300473,True,,1.79,1.796722
1012,000000120584.jpg,1776415963.9268537,True,,1.89,1.900716
1013,000000120777.jpg,1776415965.8276594,True,,1.89,1.898797
1014,000000120853.jpg,1776415967.72654,True,,1.79,1.797342
1015,000000121031.jpg,1776415969.523974,True,,1.8,1.80355
1016,000000121153.jpg,1776415971.3276134,True,,1.89,1.898926
1017,000000121242.jpg,1776415973.2266269,True,,1.79,1.797886
1018,000000121417.jpg,1776415975.0246072,True,,1.9,1.903214
1019,000000121497.jpg,1776415976.927927,True,,1.89,1.90014
1020,000000121506.jpg,1776415978.828162,True,,2.59,2.596409
1021,000000121586.jpg,1776415981.4246573,True,,1.89,1.90254
1022,000000121591.jpg,1776415983.3272886,True,,1.99,1.998082
1023,000000121673.jpg,1776415985.3254578,True,,1.89,1.901171
1024,000000121744.jpg,1776415987.2267156,True,,1.39,1.401975
1025,000000122046.jpg,1776415988.6287792,True,,1.39,1.39849
1026,000000122166.jpg,1776415990.0273564,True,,1.59,1.597408
1027,000000122217.jpg,1776415991.6248493,True,,1.99,2.001137
1028,000000122606.jpg,1776415993.6260748,True,,1.89,1.89837
1029,000000122672.jpg,1776415995.5245342,True,,1.49,1.500281
1030,000000122745.jpg,1776415997.024913,True,,1.49,1.498642
1031,000000122927.jpg,1776415998.523651,True,,1.29,1.300427
1032,000000122962.jpg,1776415999.8241668,True,,1.79,1.799758
1033,000000122969.jpg,1776416001.6240096,True,,1.7,1.706303
1034,000000123131.jpg,1776416003.3304014,True,,1.89,1.897064
1035,000000123213.jpg,1776416005.2275546,True,,1.79,1.797445
1036,000000123321.jpg,1776416007.0250854,True,,2.5,2.502913
1037,000000123480.jpg,1776416009.5280862,True,,1.99,2.00027
1038,000000123585.jpg,1776416011.5284455,True,,1.89,1.902343
1039,000000123633.jpg,1776416013.4308767,True,,1.89,1.896778
1040,000000124277.jpg,1776416015.3277462,True,,1.79,1.79919
1041,000000124442.jpg,1776416017.1270254,True,,1.99,2.001065
1042,000000124636.jpg,1776416019.1281765,True,,1.99,2.000246
1043,000000124659.jpg,1776416021.1285098,True,,1.99,1.998921
1044,000000124798.jpg,1776416023.127524,True,,1.89,1.900268
1045,000000124975.jpg,1776416025.027878,True,,1.79,1.799084
1046,000000125062.jpg,1776416026.8270476,True,,1.89,1.900751
1047,000000125072.jpg,1776416028.7278836,True,,1.31,1.400641
1048,000000125129.jpg,1776416030.1286151,True,,1.39,1.396214
1049,000000125211.jpg,1776416031.524931,True,,1.89,1.901803
1050,000000125245.jpg,1776416033.4268165,True,,1.79,1.799445
1051,000000125257.jpg,1776416035.2263453,True,,1.99,1.998012
1052,000000125405.jpg,1776416037.224441,True,,1.79,1.802466
1053,000000125472.jpg,1776416039.026998,True,,1.79,1.800294
1054,000000125572.jpg,1776416040.8273816,True,,1.89,1.899362
1055,000000125778.jpg,1776416042.726832,True,,1.89,1.900457
1056,000000125806.jpg,1776416044.627383,True,,1.79,1.895494
1057,000000125850.jpg,1776416046.5229695,True,,1.9,1.90602
1058,000000125936.jpg,1776416048.4290733,True,,1.79,1.797779
1059,000000125952.jpg,1776416050.2269642,True,,1.69,1.69695
1060,000000126107.jpg,1776416051.9240043,True,,1.99,2.001236
1061,000000126110.jpg,1776416053.9253256,True,,2.0,2.002895
1062,000000126137.jpg,1776416055.9283018,True,,1.99,1.996462
1063,000000126216.jpg,1776416057.9248455,True,,1.89,1.902633
1064,000000126226.jpg,1776416059.8275676,True,,1.99,1.997714
1065,000000126592.jpg,1776416061.825364,True,,1.8,1.804394
1066,000000127092.jpg,1776416063.6298478,True,,1.89,1.894929
1067,000000127135.jpg,1776416065.524862,True,,1.79,1.802366
1068,000000127182.jpg,1776416067.3273146,True,,1.79,1.799423
1069,000000127263.jpg,1776416069.1268258,True,,1.79,1.800143
1070,000000127270.jpg,1776416070.9270554,True,,1.79,1.799906
1071,000000127394.jpg,1776416072.7270463,True,,1.69,1.696373
1072,000000127476.jpg,1776416074.423501,True,,1.89,1.902289
1073,000000127494.jpg,1776416076.325878,True,,1.79,1.801119
1074,000000127517.jpg,1776416078.127085,True,,1.89,1.897317
1075,000000127530.jpg,1776416080.0244884,True,,1.8,1.802906
1076,000000127624.jpg,1776416081.8274832,True,,2.69,2.697939
1077,000000127660.jpg,1776416084.525505,True,,1.9,1.903445
1078,000000127955.jpg,1776416086.429041,True,,1.39,1.398044
1079,000000127987.jpg,1776416087.8271768,True,,1.29,1.302153
1080,000000128051.jpg,1776416089.1294198,True,,1.19,1.199426
1081,000000128112.jpg,1776416090.3289528,True,,1.79,1.893873
1082,000000128148.jpg,1776416092.2229216,True,,1.7,1.705256
1083,000000128372.jpg,1776416093.9282732,True,,1.99,1.996382
1084,000000128476.jpg,1776416095.9247444,True,,1.5,1.505312
1085,000000128598.jpg,1776416097.4301531,True,,1.8,1.89775
1086,000000128654.jpg,1776416099.3279915,True,,2.19,2.19804
1087,000000128658.jpg,1776416101.526117,True,,1.79,1.801152
1088,000000128675.jpg,1776416103.3273556,True,,2.09,2.097154
1089,000000128699.jpg,1776416105.4245925,True,,2.0,2.003158
1090,000000128748.jpg,1776416107.4278338,True,,1.99,2.000188
1091,000000129054.jpg,1776416109.4281068,True,,1.99,1.998806
1092,000000129062.jpg,1776416111.4269958,True,,1.99,1.998597
1093,000000129113.jpg,1776416113.4256775,True,,1.99,1.999734
1094,000000129135.jpg,1776416115.4254935,True,,1.49,1.501702
1095,000000129322.jpg,1776416116.9272814,True,,1.49,1.500101
1096,000000129416.jpg,1776416118.4274719,True,,1.99,1.997092
1097,000000129492.jpg,1776416120.4246495,True,,1.69,1.699344
1098,000000129756.jpg,1776416122.1240797,True,,1.49,1.501053
1099,000000129812.jpg,1776416123.6252162,True,,1.89,1.899475
1100,000000129945.jpg,1776416125.5247786,True,,1.4,1.4036
1101,000000130386.jpg,1776416126.9284687,True,,1.99,1.996927
1102,000000130465.jpg,1776416128.9254806,True,,1.99,1.998774
1103,000000130566.jpg,1776416130.9243417,True,,1.89,1.899918
1104,000000130579.jpg,1776416132.8243463,True,,1.69,1.702218
1105,000000130586.jpg,1776416134.5266507,True,,1.89,1.899354
1106,000000130599.jpg,1776416136.4260905,True,,1.99,2.002503
1107,000000130613.jpg,1776416138.4286814,True,,1.89,1.897946
1108,000000130699.jpg,1776416140.326716,True,,1.8,1.803082
1109,000000130826.jpg,1776416142.129886,True,,1.8,1.898388
1110,000000131131.jpg,1776416144.028363,True,,1.7,1.799441
1111,000000131138.jpg,1776416145.8279169,True,,1.89,1.895412
1112,000000131273.jpg,1776416147.7234132,True,,1.8,1.80446
1113,000000131379.jpg,1776416149.5279894,True,,1.89,1.899663
1114,000000131386.jpg,1776416151.4277391,True,,1.79,1.799462
1115,000000131431.jpg,1776416153.2272868,True,,1.79,1.800349
1116,000000131444.jpg,1776416155.0277169,True,,1.79,1.79916
1117,000000131556.jpg,1776416156.826973,True,,1.79,1.797671
1118,000000131938.jpg,1776416158.6247265,True,,1.79,1.802324
1119,000000132116.jpg,1776416160.4271364,True,,2.49,2.499705
1120,000000132329.jpg,1776416162.926937,True,,1.99,2.000772
1121,000000132375.jpg,1776416164.9278018,True,,1.9,1.995031
1122,000000132408.jpg,1776416166.922928,True,,1.79,1.801445
1123,000000132544.jpg,1776416168.7244618,True,,1.89,1.899541
1124,000000132587.jpg,1776416170.6240869,True,,1.89,1.900407
1125,000000132622.jpg,1776416172.5245786,True,,2.1,2.104308
1126,000000132703.jpg,1776416174.6289937,True,,1.59,1.600079
1127,000000132796.jpg,1776416176.2291672,True,,1.89,1.898113
1128,000000132931.jpg,1776416178.1273675,True,,1.79,1.799789
1129,000000133000.jpg,1776416179.9272485,True,,1.89,1.900736
1130,000000133087.jpg,1776416181.82807,True,,1.79,1.797013
1131,000000133233.jpg,1776416183.6251688,True,,1.59,1.602674
1132,000000133244.jpg,1776416185.227942,True,,1.59,1.601194
1133,000000133343.jpg,1776416186.8292239,True,,1.59,1.597509
1134,000000133418.jpg,1776416188.426819,True,,1.99,1.997055
1135,000000133567.jpg,1776416190.4239724,True,,1.99,1.999813
1136,000000133631.jpg,1776416192.4238787,True,,1.79,1.802522
1137,000000133645.jpg,1776416194.2264843,True,,1.79,1.800608
1138,000000133778.jpg,1776416196.0271783,True,,1.99,1.999916
1139,000000133819.jpg,1776416198.027182,True,,1.79,1.796735
1140,000000133969.jpg,1776416199.8239977,True,,1.89,1.89987
1141,000000134034.jpg,1776416201.7239816,True,,2.2,2.203288
1142,000000134096.jpg,1776416203.927355,True,,1.99,1.997689
1143,000000134112.jpg,1776416205.9251285,True,,2.0,2.00319
1144,000000134322.jpg,1776416207.9284046,True,,1.89,1.994672
1145,000000134689.jpg,1776416209.9231615,True,,1.7,1.706171
1146,000000134722.jpg,1776416211.6294177,True,,1.8,1.895063
1147,000000134856.jpg,1776416213.524562,True,,2.09,2.10104
1148,000000134882.jpg,1776416215.6256838,True,,2.59,2.600594
1149,000000134886.jpg,1776416218.226366,True,,1.89,1.901006
1150,000000135410.jpg,1776416220.1274595,True,,1.89,1.900452
1151,000000135561.jpg,1776416222.0280004,True,,1.8,1.900107
1152,000000135604.jpg,1776416223.9282079,True,,1.79,1.798239
1153,000000135670.jpg,1776416225.7265315,True,,1.89,1.899277
1154,000000135673.jpg,1776416227.6258929,True,,1.79,1.798553
1155,000000135872.jpg,1776416229.424549,True,,1.79,1.802073
1156,000000135890.jpg,1776416231.2267113,True,,1.79,1.798176
1157,000000135902.jpg,1776416233.024979,True,,1.8,1.805605
1158,000000136033.jpg,1776416234.8306854,True,,1.79,1.795133
1159,000000136334.jpg,1776416236.6259267,True,,1.89,1.898908
1160,000000136355.jpg,1776416238.5249314,True,,1.79,1.802414
1161,000000136466.jpg,1776416240.3274324,True,,1.79,1.799494
1162,000000136600.jpg,1776416242.1270134,True,,1.89,1.901153
1163,000000136633.jpg,1776416244.0282552,True,,1.89,1.896553
1164,000000136715.jpg,1776416245.924893,True,,1.79,1.79925
1165,000000136772.jpg,1776416247.724238,True,,1.8,1.898815
1166,000000136915.jpg,1776416249.6231387,True,,1.7,1.706465
1167,000000137106.jpg,1776416251.3296924,True,,1.79,1.800293
1168,000000137246.jpg,1776416253.130073,True,,1.79,1.796476
1169,000000137294.jpg,1776416254.9266348,True,,1.79,1.79995
1170,000000137576.jpg,1776416256.7266748,True,,2.19,2.201934
1171,000000137727.jpg,1776416258.9286954,True,,1.49,1.502254
1172,000000137950.jpg,1776416260.4310381,True,,1.6,1.697662
1173,000000138115.jpg,1776416262.1287878,True,,2.09,2.10004
1174,000000138241.jpg,1776416264.2289596,True,,1.99,1.998959
1175,000000138492.jpg,1776416266.228012,True,,1.79,1.799717
1176,000000138550.jpg,1776416268.0278168,True,,1.79,1.796576
1177,000000138639.jpg,1776416269.8244767,True,,1.9,1.904171
1178,000000138819.jpg,1776416271.7287526,True,,1.89,1.899391
1179,000000138856.jpg,1776416273.6282341,True,,1.89,1.898749
1180,000000138954.jpg,1776416275.5270658,True,,2.39,2.399276
1181,000000138979.jpg,1776416277.9264235,True,,1.79,1.798295
1182,000000139077.jpg,1776416279.7247994,True,,1.89,1.901537
1183,000000139099.jpg,1776416281.6264184,True,,1.89,1.900132
1184,000000139260.jpg,1776416283.5266335,True,,1.59,1.60152
1185,000000139684.jpg,1776416285.1282392,True,,1.69,1.701698
1186,000000139871.jpg,1776416286.8300285,True,,1.69,1.699308
1187,000000139872.jpg,1776416288.5294437,True,,1.99,1.99393
1188,000000139883.jpg,1776416290.5234575,True,,1.79,1.800658
1189,000000140076.jpg,1776416292.3242009,True,,1.9,1.903475
1190,000000140203.jpg,1776416294.2277658,True,,1.99,1.996833
1191,000000140270.jpg,1776416296.2246804,True,,1.79,1.801872
1192,000000140286.jpg,1776416298.026636,True,,1.99,1.998817
1193,000000140420.jpg,1776416300.0255358,True,,1.79,1.801608
1194,000000140439.jpg,1776416301.827227,True,,1.79,1.799268
1195,000000140556.jpg,1776416303.6265774,True,,1.79,1.801487
1196,000000140583.jpg,1776416305.42815,True,,1.99,1.996525
1197,000000140640.jpg,1776416307.4247568,True,,1.8,1.898204
1198,000000140658.jpg,1776416309.323039,True,,1.8,1.803736
1199,000000140840.jpg,1776416311.1268582,True,,1.59,1.600773
1200,000000140929.jpg,1776416312.727718,True,,1.59,1.601028
1201,000000140987.jpg,1776416314.328833,True,,1.79,1.797508
1202,000000141328.jpg,1776416316.1264231,True,,1.99,2.001876
1203,000000141597.jpg,1776416318.1283796,True,,1.89,1.897791
1204,000000141671.jpg,1776416320.026252,True,,1.49,1.499747
1205,000000141821.jpg,1776416321.5260859,True,,1.89,1.898164
1206,000000142092.jpg,1776416323.4243362,True,,1.8,1.80263
1207,000000142238.jpg,1776416325.227052,True,,1.79,1.799615
1208,000000142324.jpg,1776416327.0267508,True,,1.89,1.896659
1209,000000142472.jpg,1776416328.9234912,True,,1.8,1.803902
1210,000000142585.jpg,1776416330.727481,True,,1.89,1.90022
1211,000000142620.jpg,1776416332.6277843,True,,1.89,1.901847
1212,000000142790.jpg,1776416334.5297167,True,,1.99,1.998965
1213,000000142971.jpg,1776416336.528768,True,,1.69,1.701294
1214,000000143068.jpg,1776416338.2301445,True,,0.99,0.997489
1215,000000143556.jpg,1776416339.2277184,True,,1.89,1.896946
1216,000000143572.jpg,1776416341.124748,True,,1.8,1.806229
1217,000000143931.jpg,1776416342.931062,True,,1.89,1.896295
1218,000000143961.jpg,1776416344.8274548,True,,1.59,1.598145
1219,000000143998.jpg,1776416346.4256847,True,,2.49,2.501556
1220,000000144003.jpg,1776416348.9273288,True,,1.99,2.000088
1221,000000144114.jpg,1776416350.9275095,True,,1.89,1.897404
1222,000000144300.jpg,1776416352.8250008,True,,1.89,1.899001
1223,000000144333.jpg,1776416354.724089,True,,1.99,1.999976
1224,000000144706.jpg,1776416356.7241504,True,,1.99,2.000085
1225,000000144784.jpg,1776416358.724323,True,,1.59,1.599581
1226,000000144798.jpg,1776416360.3239918,True,,1.3,1.303554
1227,000000144932.jpg,1776416361.627633,True,,1.39,1.395933
1228,000000144984.jpg,1776416363.0236554,True,,1.5,1.505688
1229,000000145020.jpg,1776416364.5294309,True,,1.19,1.197616
1230,000000145591.jpg,1776416365.727138,True,,1.69,1.696161
1231,000000145597.jpg,1776416367.423383,True,,1.8,1.80591
1232,000000145620.jpg,1776416369.2293801,True,,1.79,1.797257
1233,000000145665.jpg,1776416371.0267277,True,,1.89,1.898769
1234,000000145781.jpg,1776416372.9255831,True,,2.0,2.002717
1235,000000146155.jpg,1776416374.9283895,True,,2.09,2.096696
1236,000000146358.jpg,1776416377.0251765,True,,1.69,1.698756
1237,000000146363.jpg,1776416378.7240183,True,,1.9,1.903327
1238,000000146457.jpg,1776416380.6274285,True,,1.99,1.996905
1239,000000146489.jpg,1776416382.624415,True,,1.99,2.000372
1240,000000146498.jpg,1776416384.6248808,True,,1.99,2.001509
1241,000000146667.jpg,1776416386.6264825,True,,2.19,2.202913
1242,000000146825.jpg,1776416388.8294897,True,,1.39,1.397138
1243,000000146831.jpg,1776416390.226713,True,,1.79,1.80113
1244,000000147205.jpg,1776416392.0279486,True,,1.79,1.79949
1245,000000147223.jpg,1776416393.8275213,True,,1.69,1.699277
1246,000000147338.jpg,1776416395.526882,True,,1.89,1.901982
1247,000000147415.jpg,1776416397.4289715,True,,2.09,2.099449
1248,000000147498.jpg,1776416399.52851,True,,2.29,2.297902
1249,000000147518.jpg,1776416401.8264978,True,,1.99,2.001352
1250,000000147725.jpg,1776416403.8279517,True,,1.79,1.798352
1251,000000147729.jpg,1776416405.6263938,True,,1.99,1.998426
1252,000000147740.jpg,1776416407.624928,True,,1.99,2.002615
1253,000000147745.jpg,1776416409.6276405,True,,1.99,1.99701
1254,000000148508.jpg,1776416411.6247444,True,,1.9,1.90351
1255,000000148620.jpg,1776416413.5283449,True,,1.79,1.797589
1256,000000148662.jpg,1776416415.3260179,True,,2.0,2.002713
1257,000000148707.jpg,1776416417.3288205,True,,1.49,1.499088
1258,000000148719.jpg,1776416418.828004,True,,1.59,1.596023
1259,000000148730.jpg,1776416420.4241142,True,,1.49,1.501367
1260,000000148739.jpg,1776416421.925574,True,,1.89,1.897605
1261,000000148783.jpg,1776416423.8232608,True,,1.7,1.703849
1262,000000148957.jpg,1776416425.527196,True,,1.99,1.998186
1263,000000148999.jpg,1776416427.5254707,True,,1.79,1.801771
1264,000000149222.jpg,1776416429.327324,True,,1.99,1.998703
1265,000000149375.jpg,1776416431.3261116,True,,1.89,1.90177
1266,000000149406.jpg,1776416433.227972,True,,2.59,2.599124
1267,000000149568.jpg,1776416435.8271782,True,,2.19,2.196279
1268,000000149622.jpg,1776416438.0235384,True,,1.89,1.899669
1269,000000149770.jpg,1776416439.9232864,True,,1.89,1.90043
1270,000000150224.jpg,1776416441.8237975,True,,1.69,1.700841
1271,000000150265.jpg,1776416443.5247195,True,,1.8,1.802584
1272,000000150417.jpg,1776416445.3273902,True,,1.89,1.896043
1273,000000150638.jpg,1776416447.2235157,True,,1.79,1.802057
1274,000000150649.jpg,1776416449.0256596,True,,1.59,1.60069
1275,000000150726.jpg,1776416450.6264353,True,,1.99,1.99835
1276,000000150930.jpg,1776416452.6248715,True,,1.6,1.604457
1277,000000151000.jpg,1776416454.229412,True,,1.79,1.797222
1278,000000151051.jpg,1776416456.026715,True,,1.89,1.897847
1279,000000151480.jpg,1776416457.924645,True,,1.89,1.902582
1280,000000151516.jpg,1776416459.8273141,True,,1.79,1.798894
1281,000000151629.jpg,1776416461.626296,True,,1.79,1.801028
1282,000000151657.jpg,1776416463.4274151,True,,1.69,1.697236
1283,000000151662.jpg,1776416465.124743,True,,1.39,1.401501
1284,000000151820.jpg,1776416466.526331,True,,1.29,1.298219
1285,000000151857.jpg,1776416467.824646,True,,1.49,1.499513
1286,000000151938.jpg,1776416469.3242428,True,,1.4,1.403917
1287,000000151962.jpg,1776416470.7282453,True,,1.89,1.899438
1288,000000152120.jpg,1776416472.6277719,True,,1.79,1.798568
1289,000000152214.jpg,1776416474.42643,True,,1.99,1.998458
1290,000000152465.jpg,1776416476.4249794,True,,2.0,2.004017
1291,000000152686.jpg,1776416478.429082,True,,1.59,1.59983
1292,000000152740.jpg,1776416480.0290084,True,,1.49,1.495067
1293,000000152771.jpg,1776416481.5241628,True,,1.8,1.803068
1294,000000152870.jpg,1776416483.3273206,True,,1.99,1.999382
1295,000000153011.jpg,1776416485.3267915,True,,1.99,1.997524
1296,000000153217.jpg,1776416487.324405,True,,2.09,2.101105
1297,000000153229.jpg,1776416489.4255972,True,,2.09,2.09894
1298,000000153299.jpg,1776416491.5246274,True,,2.39,2.402035
1299,000000153343.jpg,1776416493.926756,True,,1.8,1.804091
1300,000000153510.jpg,1776416495.7309492,True,,1.89,1.896332
1301,000000153527.jpg,1776416497.6273718,True,,1.99,1.999875
1302,000000153529.jpg,1776416499.6273363,True,,1.49,1.497411
1303,000000153568.jpg,1776416501.1248333,True,,2.1,2.104139
1304,000000153632.jpg,1776416503.2290592,True,,1.99,1.99963
1305,000000153669.jpg,1776416505.2287726,True,,1.8,1.896604
1306,000000153782.jpg,1776416507.1254673,True,,1.29,1.297822
1307,000000153797.jpg,1776416508.423374,True,,2.0,2.003299
1308,000000154000.jpg,1776416510.42676,True,,1.99,2.000834
1309,000000154004.jpg,1776416512.427688,True,,1.89,1.895384
1310,000000154087.jpg,1776416514.3231575,True,,1.8,1.804658
1311,000000154213.jpg,1776416516.1279213,True,,1.89,1.896749
1312,000000154339.jpg,1776416518.0247593,True,,1.39,1.401779
1313,000000154358.jpg,1776416519.4266288,True,,1.89,1.898053
1314,000000154425.jpg,1776416521.324762,True,,1.8,1.802881
1315,000000154431.jpg,1776416523.127736,True,,1.79,1.797731
1316,000000154644.jpg,1776416524.9255517,True,,2.49,2.499928
1317,000000154705.jpg,1776416527.4255676,True,,1.99,1.998978
1318,000000154718.jpg,1776416529.424635,True,,2.0,2.003746
1319,000000154947.jpg,1776416531.4284673,True,,2.59,2.598113
1320,000000155051.jpg,1776416534.0266652,True,,2.09,2.098816
1321,000000155145.jpg,1776416536.125569,True,,1.99,1.999054
1322,000000155154.jpg,1776416538.1247048,True,,1.89,1.902167
1323,000000155179.jpg,1776416540.0269763,True,,1.99,2.001116
1324,000000155291.jpg,1776416542.0281768,True,,1.99,1.99878
1325,000000155341.jpg,1776416544.0270443,True,,1.99,2.001271
1326,000000155443.jpg,1776416546.0284,True,,1.99,1.997326
1327,000000155451.jpg,1776416548.0258176,True,,1.99,2.002165
1328,000000155571.jpg,1776416550.028069,True,,1.49,1.496769
1329,000000156071.jpg,1776416551.524932,True,,1.99,2.000977
1330,000000156076.jpg,1776416553.525996,True,,1.99,2.002316
1331,000000156278.jpg,1776416555.5284283,True,,1.89,1.8991
1332,000000156292.jpg,1776416557.427616,True,,1.99,1.996043
1333,000000156372.jpg,1776416559.4237444,True,,1.8,1.803923
1334,000000156643.jpg,1776416561.2277517,True,,1.89,1.89986
1335,000000156924.jpg,1776416563.1276944,True,,1.79,1.801627
1336,000000157046.jpg,1776416564.9294047,True,,1.8,1.898163
1337,000000157098.jpg,1776416566.8276548,True,,1.89,1.89642
1338,000000157124.jpg,1776416568.724156,True,,1.79,1.800152
1339,000000157138.jpg,1776416570.524395,True,,1.7,1.704624
1340,000000157213.jpg,1776416572.2291071,True,,1.19,1.199677
1341,000000157365.jpg,1776416573.4288743,True,,1.8,1.898597
1342,000000157390.jpg,1776416575.3275566,True,,1.99,2.000283
1343,000000157418.jpg,1776416577.327943,True,,1.99,1.99658
1344,000000157601.jpg,1776416579.3246028,True,,2.49,2.502405
1345,000000157756.jpg,1776416581.8270972,True,,1.79,1.79958
1346,000000157767.jpg,1776416583.6267624,True,,1.79,1.799814
1347,000000157807.jpg,1776416585.426659,True,,1.79,1.799658
1348,000000157847.jpg,1776416587.2264028,True,,1.59,1.599948
1349,000000157928.jpg,1776416588.8264346,True,,1.79,1.801133
1350,000000158227.jpg,1776416590.6276524,True,,1.89,1.899589
1351,000000158548.jpg,1776416592.5273232,True,,2.09,2.098783
1352,000000158660.jpg,1776416594.6262062,True,,2.09,2.100677
1353,000000158744.jpg,1776416596.7269845,True,,1.79,1.801004
1354,000000158945.jpg,1776416598.5280774,True,,1.69,1.698157
1355,000000158956.jpg,1776416600.2263215,True,,1.3,1.303585
1356,000000159112.jpg,1776416601.5299938,True,,1.39,1.400793
1357,000000159282.jpg,1776416602.9308715,True,,1.79,1.796374
1358,000000159311.jpg,1776416604.7273326,True,,1.49,1.501081
1359,000000159399.jpg,1776416606.228502,True,,1.49,1.496275
1360,000000159458.jpg,1776416607.724862,True,,1.4,1.405026
1361,000000159684.jpg,1776416609.1299903,True,,1.69,1.696519
1362,000000159791.jpg,1776416610.826591,True,,2.09,2.102048
1363,000000159977.jpg,1776416612.9287286,True,,1.79,1.798468
1364,000000160012.jpg,1776416614.727286,True,,1.99,1.997452
1365,000000160556.jpg,1776416616.724824,True,,1.89,1.902287
1366,000000160666.jpg,1776416618.6272018,True,,1.79,1.8006
1367,000000160728.jpg,1776416620.427886,True,,1.39,1.398099
1368,000000160772.jpg,1776416621.8260694,True,,1.49,1.501493
1369,000000160864.jpg,1776416623.327654,True,,1.19,1.202051
1370,000000161008.jpg,1776416624.529786,True,,1.99,1.995997
1371,000000161032.jpg,1776416626.5258725,True,,1.99,2.00184
1372,000000161044.jpg,1776416628.5278041,True,,1.19,1.199767
1373,000000161128.jpg,1776416629.7276568,True,,1.49,1.500597
1374,000000161397.jpg,1776416631.2283435,True,,1.89,1.902767
1375,000000161609.jpg,1776416633.1311996,True,,1.89,1.893417
1376,000000161642.jpg,1776416635.0247009,True,,1.99,1.999102
1377,000000161781.jpg,1776416637.0238874,True,,1.7,1.799108
1378,000000161799.jpg,1776416638.8230789,True,,1.69,1.700847
1379,000000161820.jpg,1776416640.5240083,True,,1.89,1.90171
1380,000000161861.jpg,1776416642.4258027,True,,1.99,1.998685
1381,000000161875.jpg,1776416644.4245706,True,,1.79,1.802524
1382,000000161879.jpg,1776416646.2271748,True,,2.09,2.101641
1383,000000161925.jpg,1776416648.3289204,True,,1.89,1.89832
1384,000000161978.jpg,1776416650.2273216,True,,1.79,1.799357
1385,000000162035.jpg,1776416652.0267613,True,,1.89,1.898034
1386,000000162092.jpg,1776416653.9248836,True,,2.59,2.603204
1387,000000162130.jpg,1776416656.528182,True,,1.99,1.996765
1388,000000162366.jpg,1776416658.525035,True,,1.49,1.498958
1389,000000162415.jpg,1776416660.0240836,True,,1.79,1.80008
1390,000000162543.jpg,1776416661.8242528,True,,1.2,1.203542
1391,000000162581.jpg,1776416663.0278826,True,,1.89,1.896731
1392,000000162732.jpg,1776416664.9246974,True,,1.99,1.999977
1393,000000162858.jpg,1776416666.9247608,True,,1.9,1.902863
1394,000000163057.jpg,1776416668.8277194,True,,1.99,2.001008
1395,000000163117.jpg,1776416670.8288167,True,,1.99,1.996823
1396,000000163118.jpg,1776416672.8257265,True,,1.89,1.902191
1397,000000163155.jpg,1776416674.728011,True,,1.89,1.899588
1398,000000163257.jpg,1776416676.6276877,True,,1.89,1.899703
1399,000000163258.jpg,1776416678.527479,True,,1.79,1.800302
1400,000000163290.jpg,1776416680.3278677,True,,1.69,1.696616
1401,000000163314.jpg,1776416682.0245748,True,,1.8,1.802794
1402,000000163562.jpg,1776416683.8274546,True,,1.39,1.401387
1403,000000163611.jpg,1776416685.2289436,True,,1.89,1.894781
1404,000000163640.jpg,1776416687.1238103,True,,2.0,2.003977
1405,000000163682.jpg,1776416689.1278825,True,,1.89,1.899728
1406,000000163746.jpg,1776416691.0276957,True,,2.09,2.100892
1407,000000163951.jpg,1776416693.1286767,True,,1.39,1.39581
1408,000000164115.jpg,1776416694.5245728,True,,2.5,2.503706
1409,000000164363.jpg,1776416697.0283723,True,,2.49,2.499537
1410,000000164602.jpg,1776416699.527998,True,,1.99,1.998229
1411,000000164637.jpg,1776416701.5263176,True,,1.39,1.401035
1412,000000164883.jpg,1776416702.9274375,True,,1.4,1.40341
1413,000000164885.jpg,1776416704.3309474,True,,1.79,1.79334
1414,000000164969.jpg,1776416706.1243773,True,,1.39,1.402276
1415,000000165039.jpg,1776416707.5267396,True,,1.49,1.497668
1416,000000165257.jpg,1776416709.0244913,True,,1.69,1.702437
1417,000000165336.jpg,1776416710.7270164,True,,2.09,2.096324
1418,000000165351.jpg,1776416712.8234327,True,,2.6,2.604182
1419,000000165500.jpg,1776416715.4276989,True,,2.09,2.100202
1420,000000165518.jpg,1776416717.5279937,True,,2.59,2.597707
1421,000000165681.jpg,1776416720.125791,True,,2.09,2.099007
1422,000000165713.jpg,1776416722.224881,True,,1.79,1.803225
1423,000000165831.jpg,1776416724.0281925,True,,1.99,1.999665
1424,000000166165.jpg,1776416726.0279605,True,,2.49,2.497196
1425,000000166166.jpg,1776416728.5252478,True,,2.0,2.002995
1426,000000166259.jpg,1776416730.528327,True,,1.89,1.899354
1427,000000166277.jpg,1776416732.4277637,True,,1.99,1.997313
1428,000000166287.jpg,1776416734.4251637,True,,1.99,2.000224
1429,000000166391.jpg,1776416736.425476,True,,1.89,1.898607
1430,000000166426.jpg,1776416738.3241763,True,,2.29,2.302219
1431,000000166478.jpg,1776416740.6264858,True,,1.89,1.901342
1432,000000166509.jpg,1776416742.527927,True,,1.89,1.895849
1433,000000166521.jpg,1776416744.4238627,True,,1.8,1.805842
1434,000000166563.jpg,1776416746.2297957,True,,1.29,1.393188
1435,000000166642.jpg,1776416747.6230638,True,,1.89,1.901494
1436,000000166664.jpg,1776416749.524641,True,,1.99,1.99881
1437,000000166747.jpg,1776416751.5235364,True,,1.99,2.00109
1438,000000166768.jpg,1776416753.5247064,True,,1.79,1.802205
1439,000000166918.jpg,1776416755.3269951,True,,1.89,1.901425
1440,000000167067.jpg,1776416757.2285135,True,,1.49,1.498624
1441,000000167122.jpg,1776416758.7272267,True,,1.4,1.403636
1442,000000167128.jpg,1776416760.13099,True,,1.8,1.8968
1443,000000167159.jpg,1776416762.0278792,True,,1.99,1.99903
1444,000000167240.jpg,1776416764.0269976,True,,1.89,1.89798
1445,000000167353.jpg,1776416765.9250653,True,,1.99,2.0004
1446,000000167486.jpg,1776416767.9255495,True,,1.99,1.999178
1447,000000167540.jpg,1776416769.9248114,True,,1.9,1.903241
1448,000000167572.jpg,1776416771.8281503,True,,1.79,1.798293
1449,000000167898.jpg,1776416773.626526,True,,1.79,1.80157
1450,000000167902.jpg,1776416775.428201,True,,1.8,1.896592
1451,000000168330.jpg,1776416777.324883,True,,1.6,1.604532
1452,000000168337.jpg,1776416778.9295044,True,,1.99,1.99985
1453,000000168458.jpg,1776416780.9294395,True,,1.99,1.995486
1454,000000168593.jpg,1776416782.9250114,True,,2.0,2.0054
1455,000000168619.jpg,1776416784.9304972,True,,2.09,2.093037
1456,000000168883.jpg,1776416787.0236306,True,,1.99,2.001995
1457,000000168974.jpg,1776416789.0257106,True,,1.99,2.001358
1458,000000169076.jpg,1776416791.0271587,True,,2.49,2.499329
1459,000000169169.jpg,1776416793.52657,True,,1.89,1.900639
1460,000000169356.jpg,1776416795.4272907,True,,1.89,1.897467
1461,000000169996.jpg,1776416797.3248384,True,,1.89,1.902171
1462,000000170099.jpg,1776416799.2270904,True,,1.89,1.90051
1463,000000170116.jpg,1776416801.1276844,True,,1.99,1.999147
1464,000000170191.jpg,1776416803.1269355,True,,1.99,2.002072
1465,000000170278.jpg,1776416805.129098,True,,1.99,1.998789
1466,000000170474.jpg,1776416807.1279855,True,,1.89,1.899806
1467,000000170545.jpg,1776416809.0278802,True,,1.79,1.799531
1468,000000170595.jpg,1776416810.8275,True,,2.3,2.303171
1469,000000170613.jpg,1776416813.1307569,True,,1.89,1.89295
1470,000000170670.jpg,1776416815.02379,True,,1.7,1.703954
1471,000000170739.jpg,1776416816.7278342,True,,1.99,1.999919
1472,000000170893.jpg,1776416818.7278419,True,,1.89,1.898181
1473,000000170955.jpg,1776416820.6261055,True,,1.79,1.80173
1474,000000171050.jpg,1776416822.4279315,True,,1.79,1.799922
1475,000000171190.jpg,1776416824.2279472,True,,1.89,1.899549
1476,000000171298.jpg,1776416826.1275864,True,,1.89,1.900058
1477,000000171382.jpg,1776416828.027733,True,,1.79,1.799522
1478,000000171611.jpg,1776416829.8273425,True,,1.79,1.799909
1479,000000171740.jpg,1776416831.6273417,True,,1.89,1.900646
1480,000000171757.jpg,1776416833.5280807,True,,1.99,1.998699
1481,000000171788.jpg,1776416835.526868,True,,1.89,1.900556
1482,000000172083.jpg,1776416837.4275143,True,,1.59,1.601548
1483,000000172330.jpg,1776416839.0291517,True,,1.49,1.499121
1484,000000172396.jpg,1776416840.5283625,True,,1.19,1.198363
1485,000000172547.jpg,1776416841.7268393,True,,1.89,1.903405
1486,000000172571.jpg,1776416843.6303308,True,,1.59,1.599126
1487,000000172595.jpg,1776416845.2295437,True,,1.59,1.599444
1488,000000172617.jpg,1776416846.8290734,True,,1.99,1.995588
1489,000000172648.jpg,1776416848.8247433,True,,1.99,2.000341
1490,000000172649.jpg,1776416850.825171,True,,1.8,1.803422
1491,000000172856.jpg,1776416852.6286778,True,,1.49,1.499574
1492,000000172877.jpg,1776416854.128337,True,,1.79,1.798429
1493,000000172935.jpg,1776416855.926851,True,,1.99,1.998873
1494,000000172946.jpg,1776416857.9258113,True,,1.89,1.897909
1495,000000172977.jpg,1776416859.823801,True,,2.09,2.101206
1496,000000173004.jpg,1776416861.925099,True,,1.4,1.403385
1497,000000173008.jpg,1776416863.3285732,True,,2.09,2.096085
1498,000000173033.jpg,1776416865.42475,True,,2.0,2.006031
1499,000000173044.jpg,1776416867.4308684,True,,1.49,1.493818
1500,000000173057.jpg,1776416868.9247665,True,,1.99,2.001475
1501,000000173091.jpg,1776416870.9263299,True,,2.39,2.400913
1502,000000173183.jpg,1776416873.327327,True,,1.89,1.899998
1503,000000173302.jpg,1776416875.2274091,True,,1.79,1.79907
1504,000000173371.jpg,1776416877.0265634,True,,2.39,2.40082
1505,000000173383.jpg,1776416879.4274669,True,,1.99,1.99766
1506,000000173799.jpg,1776416881.4252126,True,,2.19,2.201638
1507,000000173830.jpg,1776416883.6269488,True,,2.39,2.399333
1508,000000174004.jpg,1776416886.0263686,True,,2.09,2.097617
1509,000000174018.jpg,1776416888.124077,True,,1.99,2.000799
1510,000000174123.jpg,1776416890.1249814,True,,2.0,2.003286
1511,000000174231.jpg,1776416892.1283565,True,,1.99,2.000025
1512,000000174371.jpg,1776416894.1284723,True,,1.59,1.596365
1513,000000174482.jpg,1776416895.7249374,True,,1.79,1.79904
1514,000000175251.jpg,1776416897.524065,True,,2.4,2.40354
1515,000000175364.jpg,1776416899.9276905,True,,1.49,1.497076
1516,000000175387.jpg,1776416901.424847,True,,1.89,1.901733
1517,000000175438.jpg,1776416903.3266702,True,,1.59,1.600786
1518,000000175443.jpg,1776416904.9275484,True,,1.89,1.900376
1519,000000175535.jpg,1776416906.8280144,True,,1.99,1.999806
1520,000000176037.jpg,1776416908.8279243,True,,1.59,1.597257
1521,000000176232.jpg,1776416910.425263,True,,1.89,1.902655
1522,000000176446.jpg,1776416912.3280058,True,,1.79,1.796008
1523,000000176606.jpg,1776416914.124101,True,,1.4,1.403046
1524,000000176634.jpg,1776416915.5272377,True,,1.49,1.498272
1525,000000176701.jpg,1776416917.0255952,True,,1.39,1.401747
1526,000000176778.jpg,1776416918.4274259,True,,1.39,1.398325
1527,000000176799.jpg,1776416919.8258407,True,,1.39,1.397932
1528,000000176847.jpg,1776416921.2238564,True,,1.49,1.499687
1529,000000176857.jpg,1776416922.723629,True,,1.4,1.404149
1530,000000176901.jpg,1776416924.127868,True,,1.19,1.199515
1531,000000177015.jpg,1776416925.3274708,True,,1.79,1.800206
1532,000000177065.jpg,1776416927.1277683,True,,2.29,2.301357
1533,000000177213.jpg,1776416929.4292169,True,,1.59,1.598556
1534,000000177357.jpg,1776416931.027863,True,,1.69,1.699543
1535,000000177383.jpg,1776416932.7274878,True,,1.99,1.997749
1536,000000177489.jpg,1776416934.7253213,True,,1.99,2.000773
1537,000000177539.jpg,1776416936.7261918,True,,1.79,1.800519
1538,000000177714.jpg,1776416938.5268054,True,,1.59,1.600178
1539,000000177861.jpg,1776416940.1270697,True,,1.89,1.900012
1540,000000177893.jpg,1776416942.0271654,True,,1.79,1.79934
1541,000000177934.jpg,1776416943.8265955,True,,1.79,1.800942
1542,000000177935.jpg,1776416945.627617,True,,1.89,1.899696
1543,000000178028.jpg,1776416947.5273943,True,,1.89,1.90037
1544,000000178469.jpg,1776416949.4278474,True,,1.79,1.798928
1545,000000178618.jpg,1776416951.2268596,True,,1.79,1.79986
1546,000000178744.jpg,1776416953.0268018,True,,1.89,1.896915
1547,000000178982.jpg,1776416954.9237983,True,,2.0,2.003087
1548,000000179112.jpg,1776416956.926977,True,,1.99,1.999017
1549,000000179141.jpg,1776416958.9260757,True,,1.89,1.90065
1550,000000179174.jpg,1776416960.8268137,True,,1.89,1.896441
1551,000000179214.jpg,1776416962.7233326,True,,1.7,1.70301
1552,000000179265.jpg,1776416964.4264395,True,,1.79,1.797985
1553,000000179285.jpg,1776416966.2245107,True,,1.89,1.899746
1554,000000179392.jpg,1776416968.1243486,True,,1.9,1.903774
1555,000000179487.jpg,1776416970.028218,True,,2.09,2.096232
1556,000000179642.jpg,1776416972.1245322,True,,1.79,1.801856
1557,000000179653.jpg,1776416973.9264693,True,,1.89,1.901042
1558,000000179765.jpg,1776416975.827596,True,,1.89,1.900196
1559,000000179898.jpg,1776416977.7278767,True,,2.09,2.096328
1560,000000180011.jpg,1776416979.824288,True,,1.99,1.999125
1561,000000180101.jpg,1776416981.8234944,True,,1.8,1.804092
1562,000000180135.jpg,1776416983.6276712,True,,1.89,1.900174
1563,000000180188.jpg,1776416985.5279524,True,,1.79,1.795405
1564,000000180296.jpg,1776416987.3234427,True,,1.49,1.500972
1565,000000180383.jpg,1776416988.824499,True,,1.9,1.906022
1566,000000180487.jpg,1776416990.7306082,True,,1.7,1.796446
1567,000000180560.jpg,1776416992.5271392,True,,1.99,1.99624
1568,000000180751.jpg,1776416994.5234697,True,,1.8,1.805218
1569,000000180792.jpg,1776416996.328776,True,,1.79,1.798205
1570,000000180798.jpg,1776416998.1270695,True,,1.49,1.500459
1571,000000180878.jpg,1776416999.6276212,True,,1.69,1.700392
1572,000000181303.jpg,1776417001.3280952,True,,1.49,1.502642
1573,000000181421.jpg,1776417002.830821,True,,1.39,1.395205
1574,000000181499.jpg,1776417004.2261143,True,,1.59,1.600597
1575,000000181542.jpg,1776417005.826801,True,,2.29,2.297362
1576,000000181666.jpg,1776417008.124251,True,,1.8,1.804612
1577,000000181753.jpg,1776417009.92897,True,,1.79,1.800719
1578,000000181796.jpg,1776417011.7297988,True,,1.69,1.695972
1579,000000181816.jpg,1776417013.4258585,True,,1.99,2.002222
1580,000000181859.jpg,1776417015.4281688,True,,1.79,1.798983
1581,000000181969.jpg,1776417017.2272446,True,,2.29,2.301391
1582,000000182021.jpg,1776417019.528724,True,,1.6,1.602979
1583,000000182155.jpg,1776417021.131792,True,,1.98,1.991576
1584,000000182162.jpg,1776417023.123451,True,,1.7,1.70622
1585,000000182202.jpg,1776417024.82976,True,,1.59,1.599733
1586,000000182417.jpg,1776417026.429576,True,,1.89,1.895579
1587,000000182441.jpg,1776417028.325252,True,,1.49,1.500713
1588,000000182611.jpg,1776417029.8260515,True,,1.9,1.902671
1589,000000182805.jpg,1776417031.7288208,True,,1.59,1.596799
1590,000000182923.jpg,1776417033.325707,True,,1.9,1.903258
1591,000000183049.jpg,1776417035.22905,True,,1.89,1.895483
1592,000000183104.jpg,1776417037.124622,True,,2.0,2.004249
1593,000000183127.jpg,1776417039.1289723,True,,1.89,1.898696
1594,000000183246.jpg,1776417041.0277548,True,,1.99,2.000881
1595,000000183391.jpg,1776417043.0287242,True,,2.39,2.397875
1596,000000183437.jpg,1776417045.4266846,True,,1.89,1.898052
1597,000000183500.jpg,1776417047.3248255,True,,1.9,1.903116
1598,000000183648.jpg,1776417049.2280345,True,,1.89,1.896047
1599,000000183675.jpg,1776417051.1241677,True,,1.49,1.499219
1600,000000183709.jpg,1776417052.6234684,True,,1.8,1.803877
1601,000000183716.jpg,1776417054.4274359,True,,1.99,1.99939
1602,000000183965.jpg,1776417056.4269261,True,,1.99,1.998476
1603,000000184321.jpg,1776417058.4254904,True,,1.99,1.999629
1604,000000184324.jpg,1776417060.4252083,True,,1.9,1.904417
1605,000000184338.jpg,1776417062.3297164,True,,1.89,1.897105
1606,000000184384.jpg,1776417064.2269223,True,,1.99,1.9991
1607,000000184400.jpg,1776417066.2261064,True,,1.89,1.901995
1608,000000184611.jpg,1776417068.1281993,True,,1.99,2.000017
1609,000000184762.jpg,1776417070.1283188,True,,1.89,1.898653
1610,000000184791.jpg,1776417072.0270555,True,,1.99,1.998885
1611,000000184978.jpg,1776417074.0260303,True,,1.99,1.998753
1612,000000185157.jpg,1776417076.0248692,True,,1.89,1.899567
1613,000000185250.jpg,1776417077.9245238,True,,1.8,1.803766
1614,000000185292.jpg,1776417079.728378,True,,1.89,1.899504
1615,000000185409.jpg,1776417081.6279795,True,,2.09,2.097553
1616,000000185472.jpg,1776417083.7256205,True,,1.99,2.002516
1617,000000185473.jpg,1776417085.7282243,True,,1.19,1.200375
1618,000000185599.jpg,1776417086.9286814,True,,1.49,1.496119
1619,000000185802.jpg,1776417088.424911,True,,2.09,2.100977
1620,000000185890.jpg,1776417090.5259848,True,,2.09,2.10262
1621,000000185950.jpg,1776417092.6286907,True,,1.79,1.800784
1622,000000186042.jpg,1776417094.429563,True,,1.59,1.599379
1623,000000186282.jpg,1776417096.0290313,True,,1.89,1.898881
1624,000000186296.jpg,1776417097.9280064,True,,1.99,1.996492
1625,000000186345.jpg,1776417099.9245946,True,,1.8,1.80376
1626,000000186422.jpg,1776417101.7284706,True,,1.89,1.899136
1627,000000186449.jpg,1776417103.627699,True,,1.79,1.800181
1628,000000186624.jpg,1776417105.4279854,True,,1.79,1.798308
1629,000000186632.jpg,1776417107.2263775,True,,1.99,1.998392
1630,000000186637.jpg,1776417109.224857,True,,1.99,1.999819
1631,000000186873.jpg,1776417111.2247663,True,,2.5,2.502929
1632,000000186929.jpg,1776417113.727784,True,,1.89,1.899087
1633,000000186938.jpg,1776417115.6269684,True,,1.99,1.998151
1634,000000186980.jpg,1776417117.6252058,True,,1.99,1.998507
1635,000000187055.jpg,1776417119.6238096,True,,1.89,1.901504
1636,000000187144.jpg,1776417121.5254014,True,,1.49,1.502259
1637,000000187236.jpg,1776417123.0277553,True,,1.49,1.500038
1638,000000187243.jpg,1776417124.5278814,True,,1.49,1.495841
1639,000000187249.jpg,1776417126.023802,True,,1.4,1.499019
1640,000000187271.jpg,1776417127.5229192,True,,1.4,1.405253
1641,000000187362.jpg,1776417128.9282691,True,,1.49,1.499675
1642,000000187513.jpg,1776417130.4280398,True,,1.49,1.502367
1643,000000187585.jpg,1776417131.9304903,True,,1.89,1.897511
1644,000000187734.jpg,1776417133.8280892,True,,1.99,1.99674
1645,000000187745.jpg,1776417135.824929,True,,1.99,1.999693
1646,000000187990.jpg,1776417137.8247123,True,,1.99,1.999846
1647,000000188296.jpg,1776417139.824645,True,,1.8,1.803965
1648,000000188439.jpg,1776417141.6286955,True,,1.39,1.401302
1649,000000188465.jpg,1776417143.0300872,True,,1.99,1.995008
1650,000000188592.jpg,1776417145.0251908,True,,1.99,1.999578
1651,000000188689.jpg,1776417147.024855,True,,1.79,1.799951
1652,000000188906.jpg,1776417148.8248873,True,,1.89,1.899463
1653,000000189078.jpg,1776417150.7244327,True,,1.8,1.802546
1654,000000189213.jpg,1776417152.5270617,True,,1.99,1.998666
1655,000000189226.jpg,1776417154.525848,True,,1.89,1.897506
1656,000000189310.jpg,1776417156.423434,True,,1.79,1.801324
1657,000000189436.jpg,1776417158.22484,True,,2.09,2.099547
1658,000000189451.jpg,1776417160.3244674,True,,1.79,1.802117
1659,000000189475.jpg,1776417162.1266713,True,,1.79,1.801553
1660,000000189698.jpg,1776417163.9283118,True,,1.79,1.798353
1661,000000189752.jpg,1776417165.726751,True,,1.99,1.998409
1662,000000189775.jpg,1776417167.72524,True,,1.89,1.899315
1663,000000189806.jpg,1776417169.624642,True,,2.0,2.00435
1664,000000189820.jpg,1776417171.629074,True,,1.99,1.995556
1665,000000189828.jpg,1776417173.6247137,True,,2.09,2.099313
1666,000000190007.jpg,1776417175.7241108,True,,1.69,1.700067
1667,000000190140.jpg,1776417177.4242651,True,,2.0,2.002998
1668,000000190236.jpg,1776417179.4273477,True,,1.79,1.799233
1669,000000190307.jpg,1776417181.2266643,True,,2.1,2.103392
1670,000000190637.jpg,1776417183.3301423,True,,1.8,1.89772
1671,000000190648.jpg,1776417185.227967,True,,1.79,1.796439
1672,000000190676.jpg,1776417187.024492,True,,1.09,1.100142
1673,000000190753.jpg,1776417188.1247199,True,,1.49,1.500077
1674,000000190756.jpg,1776417189.6248822,True,,1.39,1.402545
1675,000000190841.jpg,1776417191.0275147,True,,1.59,1.602281
1676,000000190853.jpg,1776417192.6298847,True,,1.69,1.695452
1677,000000190923.jpg,1776417194.3254237,True,,1.99,2.002601
1678,000000191013.jpg,1776417196.328135,True,,2.09,2.097605
1679,000000191288.jpg,1776417198.4258327,True,,1.79,1.802462
1680,000000191471.jpg,1776417200.2283914,True,,1.99,1.999472
1681,000000191580.jpg,1776417202.2279668,True,,2.09,2.096481
1682,000000191614.jpg,1776417204.3245373,True,,1.89,1.901413
1683,000000191672.jpg,1776417206.226039,True,,1.6,1.602786
1684,000000191761.jpg,1776417207.8289304,True,,1.89,1.899093
1685,000000191845.jpg,1776417209.728126,True,,1.69,1.695592
1686,000000192047.jpg,1776417211.423805,True,,1.5,1.506948
1687,000000192191.jpg,1776417212.930846,True,,1.49,1.493761
1688,000000192607.jpg,1776417214.4246893,True,,1.39,1.401768
1689,000000192670.jpg,1776417215.826541,True,,1.39,1.398102
1690,000000192699.jpg,1776417217.2247262,True,,1.59,1.602757
1691,000000192716.jpg,1776417218.8275712,True,,2.19,2.198556
1692,000000192871.jpg,1776417221.0262094,True,,1.79,1.801213
1693,000000192904.jpg,1776417222.827511,True,,1.79,1.798959
1694,000000192964.jpg,1776417224.6265597,True,,1.79,1.801115
1695,000000193162.jpg,1776417226.4277616,True,,1.89,1.899199
1696,000000193181.jpg,1776417228.3270495,True,,1.79,1.800202
1697,000000193245.jpg,1776417230.1273382,True,,1.99,1.997173
1698,000000193348.jpg,1776417232.1245992,True,,1.79,1.801194
1699,000000193429.jpg,1776417233.92588,True,,1.39,1.398826
1700,000000193494.jpg,1776417235.324787,True,,1.69,1.700199
1701,000000193674.jpg,1776417237.025066,True,,1.6,1.602941
1702,000000193717.jpg,1776417238.628105,True,,2.09,2.097744
1703,000000193743.jpg,1776417240.7259576,True,,1.79,1.800704
1704,000000193884.jpg,1776417242.5267496,True,,1.99,1.998328
1705,000000193926.jpg,1776417244.525168,True,,1.99,2.002657
1706,000000194216.jpg,1776417246.5279262,True,,1.59,1.597332
1707,000000194471.jpg,1776417248.125347,True,,1.9,1.904587
1708,000000194506.jpg,1776417250.0300236,True,,2.19,2.195211
1709,000000194716.jpg,1776417252.2253218,True,,1.59,1.599453
1710,000000194724.jpg,1776417253.8248594,True,,1.99,2.000453
1711,000000194746.jpg,1776417255.8253982,True,,1.99,1.998947
1712,000000194832.jpg,1776417257.8244321,True,,1.9,1.902882
1713,000000194875.jpg,1776417259.727401,True,,1.99,1.997222
1714,000000194940.jpg,1776417261.724711,True,,1.49,1.50211
1715,000000195045.jpg,1776417263.2269204,True,,1.49,1.499905
1716,000000195165.jpg,1776417264.7269287,True,,1.49,1.497682
1717,000000195754.jpg,1776417266.2246938,True,,1.8,1.803109
1718,000000195842.jpg,1776417268.0278897,True,,1.89,1.898714
1719,000000195918.jpg,1776417269.9267044,True,,1.79,1.799525
1720,000000196009.jpg,1776417271.7263145,True,,1.79,1.801442
1721,000000196141.jpg,1776417273.527848,True,,1.89,1.895298
1722,000000196185.jpg,1776417275.4232302,True,,1.3,1.30332
1723,000000196442.jpg,1776417276.726636,True,,1.59,1.600635
1724,000000196754.jpg,1776417278.3273592,True,,1.99,2.000655
1725,000000196759.jpg,1776417280.3281074,True,,1.99,1.995384
1726,000000196843.jpg,1776417282.3235729,True,,1.89,1.900663
1727,000000197004.jpg,1776417284.2243254,True,,1.89,1.899751
1728,000000197022.jpg,1776417286.1241605,True,,2.0,2.004034
1729,000000197388.jpg,1776417288.1282825,True,,1.79,1.794973
1730,000000197528.jpg,1776417289.9233367,True,,1.79,1.802445
1731,000000197658.jpg,1776417291.7258708,True,,2.59,2.598229
1732,000000197796.jpg,1776417294.3241844,True,,1.89,1.900557
1733,000000197870.jpg,1776417296.2248273,True,,1.79,1.799723
1734,000000198489.jpg,1776417298.024635,True,,1.79,1.802089
1735,000000198510.jpg,1776417299.8268163,True,,2.39,2.396902
1736,000000198641.jpg,1776417302.2238016,True,,1.99,1.99932
1737,000000198805.jpg,1776417304.2232046,True,,1.5,1.506619
1738,000000198915.jpg,1776417305.7299302,True,,1.19,1.198513
1739,000000198928.jpg,1776417306.92853,True,,1.79,1.798105
1740,000000198960.jpg,1776417308.72672,True,,1.99,1.996736
1741,000000199055.jpg,1776417310.7235389,True,,1.99,2.00092
1742,000000199236.jpg,1776417312.7245483,True,,1.79,1.800026
1743,000000199310.jpg,1776417314.524656,True,,1.3,1.303672
1744,000000199395.jpg,1776417315.8284166,True,,1.39,1.397545
1745,000000199442.jpg,1776417317.226048,True,,1.89,1.900684
1746,000000199551.jpg,1776417319.126822,True,,1.79,1.799771
1747,000000199681.jpg,1776417320.926678,True,,1.79,1.798632
1748,000000199771.jpg,1776417322.725393,True,,1.39,1.39835
1749,000000199977.jpg,1776417324.1238286,True,,1.4,1.403412
1750,000000200152.jpg,1776417325.5273268,True,,1.39,1.39706
1751,000000200162.jpg,1776417326.9244726,True,,1.79,1.801448
1752,000000200252.jpg,1776417328.7260222,True,,1.99,1.999497
1753,000000200421.jpg,1776417330.7256043,True,,1.9,1.903847
1754,000000200667.jpg,1776417332.629539,True,,1.89,1.898058
1755,000000200839.jpg,1776417334.5276852,True,,1.79,1.795484
1756,000000200961.jpg,1776417336.3232493,True,,1.4,1.404124
1757,000000201025.jpg,1776417337.727462,True,,1.99,1.99996
1758,000000201072.jpg,1776417339.7275162,True,,1.69,1.699237
1759,000000201148.jpg,1776417341.426841,True,,1.59,1.602283
1760,000000201418.jpg,1776417343.0292122,True,,1.89,1.899227
1761,000000201426.jpg,1776417344.9285269,True,,1.99,1.997116
1762,000000201646.jpg,1776417346.9257221,True,,1.79,1.800862
1763,000000201676.jpg,1776417348.7266695,True,,1.99,1.997497
1764,000000201775.jpg,1776417350.7242508,True,,1.99,2.001634
1765,000000201934.jpg,1776417352.7259884,True,,1.79,1.801555
1766,000000202001.jpg,1776417354.5276346,True,,2.49,2.5
1767,000000202228.jpg,1776417357.0277278,True,,1.99,1.997137
1768,000000202339.jpg,1776417359.0249643,True,,1.89,1.901758
1769,000000202445.jpg,1776417360.9268162,True,,2.49,2.501464
1770,000000203095.jpg,1776417363.4283717,True,,1.59,1.599273
1771,000000203294.jpg,1776417365.0277398,True,,1.49,1.496825
1772,000000203317.jpg,1776417366.5246525,True,,1.7,1.7032
1773,000000203389.jpg,1776417368.2279527,True,,1.49,1.496992
1774,000000203488.jpg,1776417369.7250261,True,,1.49,1.500311
1775,000000203546.jpg,1776417371.2254274,True,,1.79,1.801244
1776,000000203580.jpg,1776417373.0267622,True,,1.89,1.900936
1777,000000203629.jpg,1776417374.9277866,True,,1.69,1.701601
1778,000000203639.jpg,1776417376.6294773,True,,1.99,1.994683
1779,000000203864.jpg,1776417378.62425,True,,1.99,2.001012
1780,000000203931.jpg,1776417380.6253495,True,,1.79,1.799424
1781,000000204186.jpg,1776417382.4248648,True,,2.1,2.103923
1782,000000204329.jpg,1776417384.528877,True,,1.79,1.798767
1783,000000204871.jpg,1776417386.3277369,True,,2.49,2.499253
1784,000000205105.jpg,1776417388.8270812,True,,1.79,1.797549
1785,000000205282.jpg,1776417390.6247175,True,,2.0,2.003732
1786,000000205289.jpg,1776417392.6285353,True,,1.8,1.897884
1787,000000205324.jpg,1776417394.5265164,True,,1.69,1.701088
1788,000000205333.jpg,1776417396.2276945,True,,0.89,0.896727
1789,000000205401.jpg,1776417397.1245105,True,,1.3,1.302799
1790,000000205514.jpg,1776417398.4273982,True,,1.39,1.400081
1791,000000205542.jpg,1776417399.8275692,True,,1.39,1.495473
1792,000000205647.jpg,1776417401.3231235,True,,1.7,1.70435
1793,000000205776.jpg,1776417403.027569,True,,1.79,1.798576
1794,000000205834.jpg,1776417404.826234,True,,1.79,1.800309
1795,000000206025.jpg,1776417406.626625,True,,1.79,1.799729
1796,000000206027.jpg,1776417408.4264343,True,,1.89,1.901085
1797,000000206135.jpg,1776417410.3276007,True,,1.79,1.799856
1798,000000206218.jpg,1776417412.1275387,True,,1.79,1.799905
1799,000000206271.jpg,1776417413.9275274,True,,1.49,1.501909
1800,000000206411.jpg,1776417415.4295168,True,,1.89,1.898487
1801,000000206487.jpg,1776417417.328096,True,,1.79,1.798954
1802,000000206579.jpg,1776417419.1271362,True,,1.89,1.900087
1803,000000206831.jpg,1776417421.027305,True,,1.79,1.797076
1804,000000206838.jpg,1776417422.8244667,True,,1.89,1.900564
1805,000000206994.jpg,1776417424.7251182,True,,1.79,1.801762
1806,000000207306.jpg,1776417426.526985,True,,1.89,1.898159
1807,000000207538.jpg,1776417428.4252315,True,,1.89,1.899712
1808,000000207585.jpg,1776417430.3250291,True,,2.0,2.002844
1809,000000207728.jpg,1776417432.327976,True,,1.59,1.598557
1810,000000207844.jpg,1776417433.9266164,True,,1.99,2.001649
1811,000000208208.jpg,1776417435.9283524,True,,1.99,1.998601
1812,000000208363.jpg,1776417437.9270437,True,,1.79,1.800661
1813,000000208423.jpg,1776417439.7277908,True,,1.99,1.997432
1814,000000208901.jpg,1776417441.7253237,True,,1.79,1.802286
1815,000000209142.jpg,1776417443.5277054,True,,1.79,1.799942
1816,000000209222.jpg,1776417445.3277385,True,,1.89,1.897344
1817,000000209530.jpg,1776417447.2251732,True,,1.8,1.804242
1818,000000209613.jpg,1776417449.0295057,True,,1.79,1.797992
1819,000000209747.jpg,1776417450.8275924,True,,1.59,1.597175
1820,000000209753.jpg,1776417452.4248471,True,,1.89,1.901801
1821,000000209757.jpg,1776417454.32674,True,,1.89,1.900865
1822,000000209829.jpg,1776417456.227693,True,,1.99,1.997025
1823,000000209972.jpg,1776417458.2248025,True,,1.39,1.401713
1824,000000210030.jpg,1776417459.626602,True,,1.99,2.001969
1825,000000210032.jpg,1776417461.6286643,True,,1.79,1.798448
1826,000000210099.jpg,1776417463.4272006,True,,2.19,2.198763
1827,000000210230.jpg,1776417465.626052,True,,1.99,1.998733
1828,000000210273.jpg,1776417467.6248684,True,,1.8,1.802866
1829,000000210299.jpg,1776417469.4278197,True,,1.99,2.00059
1830,000000210388.jpg,1776417471.4284966,True,,1.5,1.502595
1831,000000210394.jpg,1776417472.9311814,True,,1.9,1.993949
1832,000000210502.jpg,1776417474.9252188,True,,1.79,1.802222
1833,000000210520.jpg,1776417476.7275274,True,,1.89,1.900142
1834,000000210708.jpg,1776417478.6277537,True,,1.39,1.400235
1835,000000210789.jpg,1776417480.0280778,True,,1.89,1.897353
1836,000000210855.jpg,1776417481.9255185,True,,1.79,1.801791
1837,000000210915.jpg,1776417483.727399,True,,1.9,1.903549
1838,000000211042.jpg,1776417485.6310287,True,,1.79,1.798936
1839,000000211069.jpg,1776417487.4300559,True,,1.99,1.996083
1840,000000211120.jpg,1776417489.4262247,True,,1.59,1.60015
1841,000000211674.jpg,1776417491.0264645,True,,1.79,1.797353
1842,000000211825.jpg,1776417492.8239164,True,,2.1,2.103221
1843,000000212072.jpg,1776417494.9272213,True,,1.79,1.798886
1844,000000212166.jpg,1776417496.7261975,True,,2.49,2.500843
1845,000000212226.jpg,1776417499.227127,True,,1.99,1.99695
1846,000000212453.jpg,1776417501.2241652,True,,2.0,2.004536
1847,000000212559.jpg,1776417503.22879,True,,2.39,2.395175
1848,000000212573.jpg,1776417505.624049,True,,2.3,2.305398
1849,000000212800.jpg,1776417507.929533,True,,1.99,1.998971
1850,000000212895.jpg,1776417509.928599,True,,2.09,2.096351
1851,000000213033.jpg,1776417512.02504,True,,2.0,2.002871
1852,000000213035.jpg,1776417514.028003,True,,1.89,1.899633
1853,000000213086.jpg,1776417515.9277234,True,,1.99,2.000869
1854,000000213171.jpg,1776417517.928682,True,,1.89,1.899149
1855,000000213224.jpg,1776417519.827951,True,,1.99,2.000434
1856,000000213255.jpg,1776417521.8284779,True,,1.89,1.89963
1857,000000213422.jpg,1776417523.7282007,True,,1.89,1.899392
1858,000000213445.jpg,1776417525.6276784,True,,2.19,2.199098
1859,000000213547.jpg,1776417527.8268697,True,,1.49,1.499341
1860,000000213593.jpg,1776417529.3263013,True,,1.39,1.397306
1861,000000213605.jpg,1776417530.7236953,True,,1.6,1.603482
1862,000000213816.jpg,1776417532.3272657,True,,1.99,1.997885
1863,000000213830.jpg,1776417534.3252335,True,,1.9,1.9028
1864,000000213935.jpg,1776417536.2281342,True,,1.89,1.900083
1865,000000214192.jpg,1776417538.1283026,True,,1.7,1.79601
1866,000000214200.jpg,1776417539.9244003,True,,1.9,1.904924
1867,000000214205.jpg,1776417541.8294168,True,,1.79,1.797162
1868,000000214224.jpg,1776417543.626661,True,,1.89,1.90114
1869,000000214539.jpg,1776417545.527887,True,,1.89,1.899776
1870,000000214703.jpg,1776417547.4277554,True,,1.99,1.995949
1871,000000214720.jpg,1776417549.42379,True,,1.89,1.901919
1872,000000214753.jpg,1776417551.3257954,True,,1.89,1.89912
1873,000000214869.jpg,1776417553.224996,True,,1.89,1.901097
1874,000000215072.jpg,1776417555.1261797,True,,1.39,1.400939
1875,000000215114.jpg,1776417556.5272157,True,,1.89,1.897388
1876,000000215245.jpg,1776417558.4246912,True,,2.09,2.099636
1877,000000215259.jpg,1776417560.5244157,True,,1.79,1.800547
1878,000000215644.jpg,1776417562.3250506,True,,1.89,1.901581
1879,000000215723.jpg,1776417564.226714,True,,1.89,1.900825
1880,000000215778.jpg,1776417566.127622,True,,1.89,1.895977
1881,000000216277.jpg,1776417568.0236804,True,,1.99,1.999683
1882,000000216296.jpg,1776417570.023447,True,,1.79,1.799832
1883,000000216419.jpg,1776417571.823361,True,,1.8,1.804337
1884,000000216497.jpg,1776417573.6277795,True,,1.89,1.995258
1885,000000216516.jpg,1776417575.6231284,True,,1.8,1.803819
1886,000000216636.jpg,1776417577.4270356,True,,1.69,1.701896
1887,000000216739.jpg,1776417579.1290188,True,,1.69,1.701043
1888,000000217060.jpg,1776417580.8301487,True,,1.79,1.799142
1889,000000217219.jpg,1776417582.6293747,True,,1.5,1.596409
1890,000000217285.jpg,1776417584.225868,True,,1.79,1.800038
1891,000000217400.jpg,1776417586.025987,True,,1.89,1.901787
1892,000000217425.jpg,1776417587.92786,True,,1.99,1.997545
1893,000000217614.jpg,1776417589.9254935,True,,1.99,2.000524
1894,000000217753.jpg,1776417591.9261105,True,,1.99,2.001702
1895,000000217872.jpg,1776417593.9279258,True,,1.89,1.898821
1896,000000217948.jpg,1776417595.826835,True,,1.89,1.896623
1897,000000217957.jpg,1776417597.7235446,True,,1.9,1.903926
1898,000000218091.jpg,1776417599.6275582,True,,1.89,1.899314
1899,000000218249.jpg,1776417601.5269804,True,,1.79,1.801047
1900,000000218362.jpg,1776417603.3281133,True,,1.79,1.79652
1901,000000218424.jpg,1776417605.1247153,True,,1.5,1.50301
1902,000000218439.jpg,1776417606.627815,True,,1.99,1.997163
1903,000000218997.jpg,1776417608.6250646,True,,1.89,1.898804
1904,000000219271.jpg,1776417610.5239713,True,,1.9,1.903674
1905,000000219283.jpg,1776417612.4277332,True,,2.49,2.500415
1906,000000219440.jpg,1776417614.92823,True,,1.79,1.797713
1907,000000219485.jpg,1776417616.7260313,True,,1.99,1.997624
1908,000000219578.jpg,1776417618.7237432,True,,1.89,1.900909
1909,000000220310.jpg,1776417620.6247368,True,,1.9,1.902687
1910,000000220584.jpg,1776417622.52751,True,,1.79,1.799758
1911,000000220732.jpg,1776417624.3273575,True,,1.89,1.901188
1912,000000220764.jpg,1776417626.228632,True,,1.89,1.894658
1913,000000220858.jpg,1776417628.1233857,True,,1.7,1.704666
1914,000000221017.jpg,1776417629.8281465,True,,1.89,1.900025
1915,000000221155.jpg,1776417631.7282665,True,,2.09,2.101078
1916,000000221213.jpg,1776417633.8294377,True,,1.99,1.998441
1917,000000221281.jpg,1776417635.827988,True,,1.79,1.796205
1918,000000221291.jpg,1776417637.6242778,True,,1.49,1.501213
1919,000000221502.jpg,1776417639.125579,True,,1.2,1.203754
1920,000000221693.jpg,1776417640.3294234,True,,1.4,1.496498
1921,000000221708.jpg,1776417641.8260162,True,,1.79,1.801523
1922,000000221754.jpg,1776417643.6276298,True,,1.79,1.799911
1923,000000221872.jpg,1776417645.4276347,True,,1.79,1.797588
1924,000000222094.jpg,1776417647.225307,True,,1.79,1.802027
1925,000000222118.jpg,1776417649.0274224,True,,1.79,1.799087
1926,000000222235.jpg,1776417650.8265963,True,,1.89,1.897873
1927,000000222299.jpg,1776417652.7245588,True,,1.99,2.000687
1928,000000222317.jpg,1776417654.725332,True,,1.99,1.999356
1929,000000222455.jpg,1776417656.724774,True,,2.4,2.403651
1930,000000222458.jpg,1776417659.1285136,True,,1.89,1.89919
1931,000000222559.jpg,1776417661.0277913,True,,1.79,1.799361
1932,000000222735.jpg,1776417662.8272426,True,,1.79,1.800833
1933,000000222825.jpg,1776417664.6281648,True,,1.69,1.699287
1934,000000222863.jpg,1776417666.3275416,True,,1.39,1.399543
1935,000000222991.jpg,1776417667.7271712,True,,1.39,1.401012
1936,000000223090.jpg,1776417669.1283176,True,,1.99,1.998468
1937,000000223130.jpg,1776417671.1268709,True,,1.99,1.997504
1938,000000223182.jpg,1776417673.1244624,True,,2.29,2.302908
1939,000000223188.jpg,1776417675.427453,True,,1.79,1.800886
1940,000000223738.jpg,1776417677.228443,True,,2.49,2.499738
1941,000000223747.jpg,1776417679.728271,True,,1.49,1.49982
1942,000000223789.jpg,1776417681.2281816,True,,1.59,1.599694
1943,000000223955.jpg,1776417682.8279817,True,,1.89,1.89606
1944,000000223959.jpg,1776417684.7241213,True,,1.99,2.001384
1945,000000224051.jpg,1776417686.7255924,True,,1.79,1.801129
1946,000000224093.jpg,1776417688.526806,True,,1.39,1.398436
1947,000000224119.jpg,1776417689.9253185,True,,1.79,1.802532
1948,000000224200.jpg,1776417691.7279766,True,,2.59,2.60122
1949,000000224222.jpg,1776417694.3292775,True,,1.89,1.895532
1950,000000224337.jpg,1776417696.2248912,True,,1.99,1.999747
1951,000000224664.jpg,1776417698.224736,True,,1.99,1.999426
1952,000000224675.jpg,1776417700.224255,True,,1.89,1.898813
1953,000000224724.jpg,1776417702.1231532,True,,1.8,1.804518
1954,000000224807.jpg,1776417703.927756,True,,1.79,1.798453
1955,000000225184.jpg,1776417705.7262914,True,,1.79,1.800641
1956,000000225405.jpg,1776417707.5270226,True,,1.89,1.897716
1957,000000225532.jpg,1776417709.424818,True,,1.79,1.80198
1958,000000225670.jpg,1776417711.226891,True,,1.8,1.803796
1959,000000225757.jpg,1776417713.0307934,True,,2.09,2.097497
1960,000000225946.jpg,1776417715.1283767,True,,1.89,1.899216
1961,000000226058.jpg,1776417717.0276802,True,,1.99,1.997161
1962,000000226111.jpg,1776417719.0249386,True,,1.99,1.998709
1963,000000226130.jpg,1776417721.0237298,True,,1.79,1.802152
1964,000000226147.jpg,1776417722.8259866,True,,1.89,1.901661
1965,000000226154.jpg,1776417724.7277377,True,,2.09,2.098958
1966,000000226171.jpg,1776417726.8267853,True,,1.99,1.998691
1967,000000226408.jpg,1776417728.8255625,True,,1.99,1.999416
1968,000000226417.jpg,1776417730.8250628,True,,1.8,1.803065
1969,000000226592.jpg,1776417732.6282177,True,,1.89,1.89931
1970,000000226662.jpg,1776417734.5276167,True,,1.89,1.899746
1971,000000226802.jpg,1776417736.4274497,True,,1.69,1.696153
1972,000000226883.jpg,1776417738.1236882,True,,1.49,1.501655
1973,000000226903.jpg,1776417739.6254294,True,,1.49,1.498261
1974,000000226984.jpg,1776417741.123775,True,,1.39,1.401433
1975,000000227044.jpg,1776417742.5252905,True,,1.89,1.902589
1976,000000227187.jpg,1776417744.4279785,True,,1.89,1.899653
1977,000000227399.jpg,1776417746.327719,True,,1.99,2.001031
1978,000000227478.jpg,1776417748.328833,True,,1.79,1.798263
1979,000000227482.jpg,1776417750.127179,True,,1.89,1.900346
1980,000000227491.jpg,1776417752.0276155,True,,1.89,1.896209
1981,000000227511.jpg,1776417753.923921,True,,1.8,1.803587
1982,000000227686.jpg,1776417755.7275953,True,,1.79,1.798988
1983,000000227765.jpg,1776417757.5266702,True,,1.89,1.897316
1984,000000227898.jpg,1776417759.4240675,True,,1.9,1.903768
1985,000000227985.jpg,1776417761.3279295,True,,1.99,1.999652
1986,000000228144.jpg,1776417763.3276706,True,,1.89,1.898358
1987,000000228214.jpg,1776417765.226112,True,,1.89,1.900681
1988,000000228436.jpg,1776417767.126877,True,,1.99,1.999304
1989,000000228771.jpg,1776417769.1262705,True,,1.89,1.89745
1990,000000228942.jpg,1776417771.0238073,True,,1.39,1.400615
1991,000000228981.jpg,1776417772.4245033,True,,1.8,1.803113
1992,000000229111.jpg,1776417774.2277088,True,,1.79,1.79987
1993,000000229216.jpg,1776417776.0276659,True,,1.79,1.796267
1994,000000229221.jpg,1776417777.8240178,True,,1.79,1.800844
1995,000000229311.jpg,1776417779.624959,True,,1.8,1.802994
1996,000000229358.jpg,1776417781.4280462,True,,1.79,1.798362
1997,000000229553.jpg,1776417783.2264938,True,,1.99,1.999209
1998,000000229601.jpg,1776417785.2257915,True,,1.79,1.798688
1999,000000229659.jpg,1776417787.024566,True,,1.79,1.800285
2000,000000229747.jpg,1776417788.8249493,True,,2.19,2.201482
2001,000000229753.jpg,1776417791.026517,True,,1.59,1.600916
2002,000000229849.jpg,1776417792.6275241,True,,1.79,1.798852
2003,000000229858.jpg,1776417794.4264574,True,,2.19,2.202533
2004,000000229948.jpg,1776417796.6290758,True,,1.79,1.798102
2005,000000229997.jpg,1776417798.4272683,True,,1.59,1.597116
2006,000000230008.jpg,1776417800.024474,True,,1.39,1.402001
2007,000000230166.jpg,1776417801.4265647,True,,1.79,1.800228
2008,000000230362.jpg,1776417803.2268748,True,,1.59,1.598744
2009,000000230450.jpg,1776417804.8257036,True,,1.59,1.599787
2010,000000230819.jpg,1776417806.4255803,True,,1.49,1.502326
2011,000000230983.jpg,1776417807.92799,True,,1.89,1.900274
2012,000000230993.jpg,1776417809.828352,True,,1.59,1.601115
2013,000000231088.jpg,1776417811.429558,True,,1.99,1.998724
2014,000000231097.jpg,1776417813.4283705,True,,2.09,2.097794
2015,000000231125.jpg,1776417815.526252,True,,1.69,1.69931
2016,000000231169.jpg,1776417817.2256458,True,,1.49,1.502419
2017,000000231237.jpg,1776417818.728157,True,,1.39,1.399531
2018,000000231339.jpg,1776417820.1277754,True,,1.69,1.698241
2019,000000231508.jpg,1776417821.8261096,True,,1.79,1.799746
2020,000000231527.jpg,1776417823.6259568,True,,1.79,1.800858
2021,000000231549.jpg,1776417825.426896,True,,1.99,1.998796
2022,000000231580.jpg,1776417827.4257808,True,,2.0,2.002942
2023,000000231747.jpg,1776417829.4288158,True,,1.79,1.797023
2024,000000231822.jpg,1776417831.2259417,True,,1.99,2.001913
2025,000000231831.jpg,1776417833.2279515,True,,2.09,2.101345
2026,000000231879.jpg,1776417835.3293798,True,,1.79,1.798648
2027,000000232088.jpg,1776417837.1281161,True,,1.99,2.000373
2028,000000232244.jpg,1776417839.1285892,True,,1.9,1.996408
2029,000000232348.jpg,1776417841.125081,True,,2.19,2.200881
2030,000000232489.jpg,1776417843.326052,True,,2.39,2.401986
2031,000000232538.jpg,1776417845.728129,True,,1.89,1.900601
2032,000000232563.jpg,1776417847.6288176,True,,1.89,1.89863
2033,000000232646.jpg,1776417849.5275362,True,,1.9,1.998576
2034,000000232649.jpg,1776417851.5261984,True,,1.79,1.801273
2035,000000232684.jpg,1776417853.327552,True,,1.79,1.797223
2036,000000232692.jpg,1776417855.1248617,True,,1.79,1.801251
2037,000000233033.jpg,1776417856.926198,True,,1.79,1.80131
2038,000000233139.jpg,1776417858.7275953,True,,1.79,1.798712
2039,000000233238.jpg,1776417860.526393,True,,1.89,1.898862
2040,000000233370.jpg,1776417862.4253385,True,,1.79,1.801085
2041,000000233567.jpg,1776417864.2265053,True,,1.89,1.897933
2042,000000233727.jpg,1776417866.1245196,True,,1.79,1.802119
2043,000000233771.jpg,1776417867.9267244,True,,2.39,2.399607
2044,000000233825.jpg,1776417870.3264158,True,,1.79,1.801264
2045,000000234366.jpg,1776417872.1277657,True,,1.89,1.896602
2046,000000234413.jpg,1776417874.0244532,True,,1.8,1.803263
2047,000000234526.jpg,1776417875.827804,True,,2.39,2.400714
2048,000000234607.jpg,1776417878.2286034,True,,1.89,1.896177
2049,000000234660.jpg,1776417880.1248593,True,,1.8,1.897981
2050,000000234757.jpg,1776417882.022934,True,,1.8,1.804901
2051,000000234779.jpg,1776417883.8279254,True,,1.79,1.798842
2052,000000234807.jpg,1776417885.6268506,True,,1.8,1.802771
2053,000000235057.jpg,1776417887.4297073,True,,1.89,1.89786
2054,000000235064.jpg,1776417889.327654,True,,1.79,1.800255
2055,000000235241.jpg,1776417891.1279902,True,,1.79,1.796699
2056,000000235252.jpg,1776417892.9247756,True,,1.79,1.799889
2057,000000235399.jpg,1776417894.724753,True,,1.9,1.9028
2058,000000235778.jpg,1776417896.6276414,True,,1.59,1.596313
2059,000000235784.jpg,1776417898.224036,True,,1.8,1.803602
2060,000000235836.jpg,1776417900.0277197,True,,1.79,1.800704
2061,000000235857.jpg,1776417901.8285112,True,,1.69,1.701794
2062,000000236166.jpg,1776417903.5303903,True,,1.79,1.796813
2063,000000236308.jpg,1776417905.3272917,True,,1.59,1.598375
2064,000000236412.jpg,1776417906.9257565,True,,1.89,1.8978
2065,000000236426.jpg,1776417908.82364,True,,1.8,1.803261
2066,000000236592.jpg,1776417910.626997,True,,1.89,1.897026
2067,000000236599.jpg,1776417912.5241075,True,,1.8,1.803834
2068,000000236690.jpg,1776417914.328038,True,,1.79,1.798392
2069,000000236721.jpg,1776417916.1265147,True,,1.99,2.001216
2070,000000236730.jpg,1776417918.1278167,True,,1.89,1.898359
2071,000000236784.jpg,1776417920.026261,True,,1.99,1.999788
2072,000000236845.jpg,1776417922.0261378,True,,2.09,2.099707
2073,000000236914.jpg,1776417924.1259487,True,,1.8,1.804681
2074,000000237071.jpg,1776417925.9307156,True,,1.8,1.897018
2075,000000237118.jpg,1776417927.8278248,True,,2.59,2.601229
2076,000000237316.jpg,1776417930.429144,True,,1.7,1.795938
2077,000000237517.jpg,1776417932.225173,True,,1.99,2.000467
2078,000000237864.jpg,1776417934.2257252,True,,1.89,1.902004
2079,000000237928.jpg,1776417936.1278179,True,,1.89,1.900268
2080,000000237984.jpg,1776417938.0281787,True,,1.79,1.799188
2081,000000238013.jpg,1776417939.8274562,True,,1.89,1.90239
2082,000000238039.jpg,1776417941.7299674,True,,1.99,1.994999
2083,000000238410.jpg,1776417943.7250555,True,,1.79,1.802231
2084,000000238866.jpg,1776417945.5273776,True,,1.79,1.800452
2085,000000239041.jpg,1776417947.3279488,True,,1.79,1.799099
2086,000000239274.jpg,1776417949.1271489,True,,2.39,2.400659
2087,000000239318.jpg,1776417951.5278935,True,,1.99,1.996622
2088,000000239347.jpg,1776417953.5246184,True,,2.09,2.100507
2089,000000239537.jpg,1776417955.6252134,True,,1.39,1.401475
2090,000000239627.jpg,1776417957.0267785,True,,1.49,1.500391
2091,000000239717.jpg,1776417958.5272563,True,,2.39,2.399935
2092,000000239773.jpg,1776417960.9272778,True,,1.79,1.800562
2093,000000239843.jpg,1776417962.7279406,True,,1.89,1.902386
2094,000000239857.jpg,1776417964.6304145,True,,1.3,1.39304
2095,000000240023.jpg,1776417966.02354,True,,1.8,1.804811
2096,000000240049.jpg,1776417967.8284445,True,,1.89,1.89623
2097,000000240250.jpg,1776417969.7247632,True,,2.49,2.501038
2098,000000240754.jpg,1776417972.2258914,True,,1.99,1.998039
2099,000000240767.jpg,1776417974.2240317,True,,1.7,1.702548
2100,000000240940.jpg,1776417975.9266703,True,,1.89,1.902577
2101,000000241297.jpg,1776417977.8293338,True,,1.79,1.798579
2102,000000241319.jpg,1776417979.6280034,True,,1.99,1.999657
2103,000000241326.jpg,1776417981.6277535,True,,1.69,1.699875
2104,000000241602.jpg,1776417983.3277178,True,,1.39,1.397645
2105,000000241668.jpg,1776417984.7254503,True,,1.4,1.405328
2106,000000241677.jpg,1776417986.1308663,True,,1.8,1.89486
2107,000000242060.jpg,1776417988.0258114,True,,1.99,1.998884
2108,000000242287.jpg,1776417990.024784,True,,1.59,1.602276
2109,000000242411.jpg,1776417991.62715,True,,1.79,1.799687
2110,000000242678.jpg,1776417993.4269328,True,,1.99,2.001121
2111,000000242724.jpg,1776417995.4281406,True,,1.89,1.899546
2112,000000242934.jpg,1776417997.3277755,True,,1.49,1.496269
2113,000000242946.jpg,1776417998.8241315,True,,1.49,1.502001
2114,000000243034.jpg,1776418000.326216,True,,1.39,1.39906
2115,000000243075.jpg,1776418001.7253876,True,,2.29,2.300945
2116,000000243148.jpg,1776418004.0264206,True,,1.39,1.39965
2117,000000243199.jpg,1776418005.4261568,True,,1.59,1.600765
2118,000000243204.jpg,1776418007.02701,True,,1.89,1.898502
2119,000000243344.jpg,1776418008.9256015,True,,1.49,1.498552
2120,000000243495.jpg,1776418010.4242413,True,,1.59,1.599874
2121,000000243626.jpg,1776418012.0242045,True,,2.0,2.003775
2122,000000243867.jpg,1776418014.0280697,True,,1.79,1.798681
2123,000000243989.jpg,1776418015.8268373,True,,2.29,2.300292
2124,000000244019.jpg,1776418018.1272154,True,,1.59,1.600112
2125,000000244099.jpg,1776418019.727417,True,,1.59,1.599282
2126,000000244181.jpg,1776418021.3267882,True,,2.09,2.09697
2127,000000244379.jpg,1776418023.4238412,True,,1.99,2.000875
2128,000000244411.jpg,1776418025.4248052,True,,1.99,2.000796
2129,000000244496.jpg,1776418027.4256856,True,,1.69,1.700202
2130,000000244592.jpg,1776418029.125985,True,,1.99,2.002227
2131,000000244750.jpg,1776418031.1283,True,,2.09,2.10038
2132,000000244833.jpg,1776418033.2287624,True,,1.89,1.895176
2133,000000245026.jpg,1776418035.1240242,True,,1.89,1.900445
2134,000000245102.jpg,1776418037.0245574,True,,1.8,1.803023
2135,000000245173.jpg,1776418038.8276656,True,,1.89,1.899914
2136,000000245311.jpg,1776418040.7276683,True,,2.59,2.60027
2137,000000245320.jpg,1776418043.328031,True,,1.89,1.896582
2138,000000245448.jpg,1776418045.2246969,True,,1.9,1.903334
2139,000000245513.jpg,1776418047.1281135,True,,2.19,2.196609
2140,000000245576.jpg,1776418049.324806,True,,1.8,1.804154
2141,000000245651.jpg,1776418051.1290455,True,,1.89,1.896536
2142,000000245764.jpg,1776418053.0256643,True,,1.79,1.801219
2143,000000245915.jpg,1776418054.8269868,True,,1.79,1.800004
2144,000000246308.jpg,1776418056.6270757,True,,1.89,1.900416
2145,000000246436.jpg,1776418058.5275776,True,,1.99,1.997118
2146,000000246454.jpg,1776418060.5247865,True,,2.4,2.405241
2147,000000246522.jpg,1776418062.9301143,True,,1.79,1.89277
2148,000000246883.jpg,1776418064.82298,True,,1.8,1.804483
2149,000000246963.jpg,1776418066.6275563,True,,1.49,1.496525
2150,000000246968.jpg,1776418068.124164,True,,1.49,1.502047
2151,000000247806.jpg,1776418069.626302,True,,1.99,1.998933
2152,000000247838.jpg,1776418071.6253343,True,,1.89,1.902487
2153,000000247917.jpg,1776418073.5279243,True,,2.49,2.498769
2154,000000248111.jpg,1776418076.026781,True,,1.99,1.997964
2155,000000248112.jpg,1776418078.0248349,True,,2.0,2.002825
2156,000000248284.jpg,1776418080.0277443,True,,1.99,1.996329
2157,000000248314.jpg,1776418082.0241683,True,,1.9,1.903754
2158,000000248334.jpg,1776418083.9280155,True,,1.69,1.696784
2159,000000248400.jpg,1776418085.6248772,True,,1.99,2.000291
2160,000000248616.jpg,1776418087.6252537,True,,1.79,1.80143
2161,000000248631.jpg,1776418089.426775,True,,1.99,2.001011
2162,000000248752.jpg,1776418091.427874,True,,2.09,2.100866
2163,000000248810.jpg,1776418093.5288293,True,,2.09,2.099767
2164,000000248980.jpg,1776418095.6286922,True,,1.79,1.79975
2165,000000249025.jpg,1776418097.4285288,True,,2.09,2.100882
2166,000000249129.jpg,1776418099.529502,True,,1.89,1.895074
2167,000000249180.jpg,1776418101.4246628,True,,1.8,1.802797
2168,000000249219.jpg,1776418103.2275434,True,,1.99,1.997361
2169,000000249550.jpg,1776418105.224992,True,,1.39,1.402112
2170,000000249643.jpg,1776418106.627195,True,,1.49,1.497371
2171,000000249786.jpg,1776418108.1246521,True,,1.8,1.80356
2172,000000250127.jpg,1776418109.9283044,True,,2.49,2.500958
2173,000000250137.jpg,1776418112.42935,True,,1.89,1.898225
2174,000000250205.jpg,1776418114.3276603,True,,2.09,2.097223
2175,000000250282.jpg,1776418116.424979,True,,1.9,1.903018
2176,000000250619.jpg,1776418118.32808,True,,2.09,2.101543
2177,000000250758.jpg,1776418120.4297063,True,,2.19,2.195232
2178,000000250766.jpg,1776418122.625024,True,,2.39,2.400372
2179,000000250901.jpg,1776418125.0254817,True,,1.99,1.99902
2180,000000251065.jpg,1776418127.0245912,True,,1.99,1.998882
2181,000000251119.jpg,1776418129.0235608,True,,1.8,1.804115
2182,000000251140.jpg,1776418130.8277652,True,,1.99,1.997285
2183,000000251537.jpg,1776418132.8251376,True,,2.49,2.500776
2184,000000251572.jpg,1776418135.326007,True,,1.89,1.901344
2185,000000251824.jpg,1776418137.2274384,True,,1.99,1.997403
2186,000000252216.jpg,1776418139.2249382,True,,1.9,1.902686
2187,000000252219.jpg,1776418141.1277149,True,,1.79,1.79954
2188,000000252294.jpg,1776418142.9273427,True,,1.99,1.997306
2189,000000252332.jpg,1776418144.924738,True,,1.89,1.902792
2190,000000252507.jpg,1776418146.8276157,True,,1.89,1.900125
2191,000000252559.jpg,1776418148.7278311,True,,1.89,1.898798
2192,000000252701.jpg,1776418150.6267147,True,,1.59,1.601894
2193,000000252716.jpg,1776418152.2287004,True,,1.79,1.798023
2194,000000252776.jpg,1776418154.0268116,True,,1.89,1.897098
2195,000000253002.jpg,1776418155.9239974,True,,1.89,1.899664
2196,000000253386.jpg,1776418157.8237426,True,,1.8,1.803662
2197,000000253433.jpg,1776418159.6274931,True,,1.99,1.997449
2198,000000253452.jpg,1776418161.625025,True,,1.79,1.801822
2199,000000253695.jpg,1776418163.4269469,True,,1.79,1.80085
2200,000000253742.jpg,1776418165.2278857,True,,1.89,1.899928
2201,000000253819.jpg,1776418167.1279156,True,,1.89,1.899613
2202,000000253835.jpg,1776418169.0276175,True,,1.99,2.000788
2203,000000254016.jpg,1776418171.028495,True,,2.0,2.09746
2204,000000254368.jpg,1776418173.1260412,True,,1.89,1.898892
2205,000000254516.jpg,1776418175.0250182,True,,1.79,1.802418
2206,000000254814.jpg,1776418176.8275247,True,,1.99,1.998416
2207,000000255165.jpg,1776418178.826026,True,,1.99,2.001406
2208,000000255401.jpg,1776418180.8275187,True,,2.19,2.198006
2209,000000255483.jpg,1776418183.0256164,True,,2.39,2.400017
2210,000000255536.jpg,1776418185.425729,True,,2.6,2.603358
2211,000000255664.jpg,1776418188.0291834,True,,1.99,1.996307
2212,000000255718.jpg,1776418190.0255752,True,,1.8,1.802809
2213,000000255747.jpg,1776418191.8284736,True,,1.99,1.999757
2214,000000255749.jpg,1776418193.8283162,True,,1.49,1.49874
2215,000000255824.jpg,1776418195.3271465,True,,1.89,1.897385
2216,000000255912.jpg,1776418197.224621,True,,1.69,1.702458
2217,000000255917.jpg,1776418198.927167,True,,1.79,1.800112
2218,000000255965.jpg,1776418200.727372,True,,1.79,1.802113
2219,000000256192.jpg,1776418202.5295777,True,,1.89,1.89835
2220,000000256195.jpg,1776418204.4280167,True,,1.89,1.899986
2221,000000256407.jpg,1776418206.3280945,True,,1.89,1.902568
2222,000000256518.jpg,1776418208.2307458,True,,1.79,1.796235
2223,000000256775.jpg,1776418210.027068,True,,1.99,1.997747
2224,000000256868.jpg,1776418212.0249183,True,,1.99,1.999081
2225,000000256916.jpg,1776418214.0240843,True,,1.79,1.800554
2226,000000256941.jpg,1776418215.8247294,True,,1.79,1.800444
2227,000000257084.jpg,1776418217.6252627,True,,1.39,1.399826
2228,000000257169.jpg,1776418219.0251744,True,,1.69,1.700009
2229,000000257370.jpg,1776418220.72527,True,,1.6,1.602858
2230,000000257478.jpg,1776418222.3282206,True,,1.99,1.995831
2231,000000257566.jpg,1776418224.3241434,True,,1.99,1.999736
2232,000000257624.jpg,1776418226.3239777,True,,1.79,1.802545
2233,000000257865.jpg,1776418228.1266139,True,,1.79,1.799995
2234,000000257896.jpg,1776418229.9267004,True,,1.99,1.997281
2235,000000258388.jpg,1776418231.9240735,True,,1.8,1.803342
2236,000000258541.jpg,1776418233.7274995,True,,1.89,1.900988
2237,000000258793.jpg,1776418235.628578,True,,1.99,1.996372
2238,000000258883.jpg,1776418237.625032,True,,1.79,1.802518
2239,000000258911.jpg,1776418239.427634,True,,1.99,1.997214
2240,000000259097.jpg,1776418241.4249446,True,,1.89,1.901479
2241,000000259382.jpg,1776418243.3265114,True,,1.99,1.999424
2242,000000259571.jpg,1776418245.3260264,True,,1.5,1.50319
2243,000000259597.jpg,1776418246.8293078,True,,1.2,1.297529
2244,000000259625.jpg,1776418248.1269388,True,,1.79,1.800094
2245,000000259640.jpg,1776418249.9271169,True,,1.69,1.696898
2246,000000259690.jpg,1776418251.6241033,True,,1.8,1.803167
2247,000000259830.jpg,1776418253.4273684,True,,1.79,1.798335
2248,000000259854.jpg,1776418255.2257915,True,,1.89,1.900852
2249,000000260105.jpg,1776418257.1267304,True,,1.89,1.897761
2250,000000260106.jpg,1776418259.0245764,True,,1.79,1.801666
2251,000000260261.jpg,1776418260.8263297,True,,1.99,1.998542
2252,000000260266.jpg,1776418262.824961,True,,1.99,2.001028
2253,000000260470.jpg,1776418264.8260803,True,,1.69,1.699237
2254,000000260657.jpg,1776418266.52541,True,,1.09,1.101034
2255,000000260925.jpg,1776418267.6265256,True,,1.39,1.401557
2256,000000261036.jpg,1776418269.0281692,True,,1.8,1.803796
2257,000000261061.jpg,1776418270.832062,True,,1.8,1.894932
2258,000000261097.jpg,1776418272.7270894,True,,1.79,1.799753
2259,000000261116.jpg,1776418274.5269492,True,,1.79,1.800933
2260,000000261161.jpg,1776418276.3279898,True,,1.79,1.894944
2261,000000261318.jpg,1776418278.2230115,True,,1.7,1.703453
2262,000000261535.jpg,1776418279.926552,True,,1.89,1.902631
2263,000000261706.jpg,1776418281.829271,True,,1.99,1.998129
2264,000000261712.jpg,1776418283.8274817,True,,1.79,1.800116
2265,000000261732.jpg,1776418285.6276882,True,,1.99,1.996319
2266,000000261796.jpg,1776418287.6240923,True,,2.3,2.304001
2267,000000261888.jpg,1776418289.928187,True,,1.79,1.894835
2268,000000261982.jpg,1776418291.8231013,True,,1.9,1.904435
2269,000000262048.jpg,1776418293.727627,True,,1.99,1.999551
2270,000000262227.jpg,1776418295.727267,True,,1.89,1.900499
2271,000000262440.jpg,1776418297.6278627,True,,1.59,1.601431
2272,000000262487.jpg,1776418299.2293816,True,,1.99,1.9985
2273,000000262587.jpg,1776418301.2279751,True,,1.89,1.899647
2274,000000262631.jpg,1776418303.127716,True,,1.99,1.996894
2275,000000262682.jpg,1776418305.1247013,True,,1.8,1.802734
2276,000000262895.jpg,1776418306.9275186,True,,1.79,1.799662
2277,000000262938.jpg,1776418308.7272673,True,,1.89,1.900965
2278,000000263068.jpg,1776418310.6283438,True,,1.79,1.799352
2279,000000263299.jpg,1776418312.4277873,True,,1.79,1.801234
2280,000000263403.jpg,1776418314.2291121,True,,1.59,1.598737
2281,000000263425.jpg,1776418315.8279521,True,,1.79,1.797509
2282,000000263463.jpg,1776418317.6255467,True,,1.79,1.800301
2283,000000263474.jpg,1776418319.4259474,True,,1.99,1.998827
2284,000000263594.jpg,1776418321.4248564,True,,2.0,2.003139
2285,000000263644.jpg,1776418323.4280925,True,,1.89,1.896958
2286,000000263679.jpg,1776418325.3251386,True,,1.79,1.799366
2287,000000263796.jpg,1776418327.1245947,True,,1.9,1.902931
2288,000000263860.jpg,1776418329.0276108,True,,1.8,1.803315
2289,000000263966.jpg,1776418330.8310144,True,,1.89,1.89617
2290,000000263969.jpg,1776418332.727279,True,,2.49,2.49902
2291,000000264335.jpg,1776418335.2263854,True,,1.89,1.896868
2292,000000264441.jpg,1776418337.1233425,True,,1.79,1.801463
2293,000000264535.jpg,1776418338.9248912,True,,2.49,2.50164
2294,000000264968.jpg,1776418341.426635,True,,1.8,1.803169
2295,000000265108.jpg,1776418343.2298944,True,,1.79,1.797327
2296,000000265518.jpg,1776418345.0273237,True,,2.49,2.49986
2297,000000265777.jpg,1776418347.5272684,True,,2.59,2.599701
2298,000000265816.jpg,1776418350.1270494,True,,1.69,1.696684
2299,000000266082.jpg,1776418351.8238134,True,,1.9,1.902572
2300,000000266206.jpg,1776418353.7264674,True,,1.79,1.799988
2301,000000266400.jpg,1776418355.5265357,True,,1.59,1.600116
2302,000000266409.jpg,1776418357.126737,True,,1.79,1.799972
2303,000000266768.jpg,1776418358.9267988,True,,2.59,2.60041
2304,000000266892.jpg,1776418361.5272937,True,,1.79,1.797141
2305,000000266981.jpg,1776418363.3245158,True,,1.79,1.80167
2306,000000267169.jpg,1776418365.126268,True,,1.79,1.800411
2307,000000267191.jpg,1776418366.9267633,True,,1.9,1.903205
2308,000000267300.jpg,1776418368.830055,True,,1.89,1.896692
2309,000000267351.jpg,1776418370.7268329,True,,1.79,1.799706
2310,000000267434.jpg,1776418372.5266237,True,,1.79,1.79897
2311,000000267537.jpg,1776418374.3256779,True,,1.89,1.897704
2312,000000267670.jpg,1776418376.2234612,True,,1.8,1.804092
2313,000000267903.jpg,1776418378.0276349,True,,1.79,1.798967
2314,000000267933.jpg,1776418379.82669,True,,1.89,1.902267
2315,000000267940.jpg,1776418381.7290404,True,,1.99,1.994982
2316,000000267946.jpg,1776418383.7241051,True,,1.89,1.902362
2317,000000268000.jpg,1776418385.6265519,True,,1.59,1.600362
2318,000000268375.jpg,1776418387.2270036,True,,1.7,1.703866
2319,000000268378.jpg,1776418388.9309616,True,,1.59,1.594892
2320,000000268729.jpg,1776418390.525951,True,,1.99,2.001723
2321,000000268831.jpg,1776418392.5277622,True,,2.09,2.098336
2322,000000268996.jpg,1776418394.6261878,True,,1.89,1.901728
2323,000000269113.jpg,1776418396.5280075,True,,1.79,1.799317
2324,000000269121.jpg,1776418398.3274121,True,,1.89,1.898552
2325,000000269196.jpg,1776418400.226054,True,,1.8,1.803453
2326,000000269314.jpg,1776418402.0295923,True,,1.99,1.994316
2327,000000269316.jpg,1776418404.0239928,True,,1.8,1.802766
2328,000000269632.jpg,1776418405.826849,True,,1.89,1.89994
2329,000000269682.jpg,1776418407.7268803,True,,1.99,1.998513
2330,000000269866.jpg,1776418409.7254841,True,,1.99,1.998923
2331,000000269932.jpg,1776418411.724506,True,,1.79,1.801275
2332,000000269942.jpg,1776418413.5258677,True,,1.49,1.498655
2333,000000270066.jpg,1776418415.024608,True,,1.49,1.501153
2334,000000270122.jpg,1776418416.5258567,True,,1.79,1.802131
2335,000000270244.jpg,1776418418.3280766,True,,1.89,1.898487
2336,000000270297.jpg,1776418420.2266517,True,,1.79,1.799981
2337,000000270386.jpg,1776418422.0267227,True,,1.99,1.998026
2338,000000270402.jpg,1776418424.0248387,True,,1.79,1.802113
2339,000000270474.jpg,1776418425.8270369,True,,1.99,1.996883
2340,000000270677.jpg,1776418427.8240004,True,,2.5,2.503648
2341,000000270705.jpg,1776418430.3277347,True,,1.99,1.99631
2342,000000270883.jpg,1776418432.3241272,True,,1.6,1.698679
2343,000000270908.jpg,1776418434.0228882,True,,1.5,1.503562
2344,000000271116.jpg,1776418435.5265405,True,,1.89,1.90023
2345,000000271402.jpg,1776418437.4268537,True,,1.89,1.899999
2346,000000271457.jpg,1776418439.3269844,True,,1.89,1.899733
2347,000000271471.jpg,1776418441.2268066,True,,1.79,1.799954
2348,000000271728.jpg,1776418443.026846,True,,1.49,1.499643
2349,000000271997.jpg,1776418444.5265734,True,,1.99,2.002675
2350,000000272049.jpg,1776418446.5293384,True,,1.79,1.79716
2351,000000272136.jpg,1776418448.3265917,True,,1.79,1.801519
2352,000000272148.jpg,1776418450.1282084,True,,1.69,1.697048
2353,000000272212.jpg,1776418451.825339,True,,1.79,1.802356
2354,000000272364.jpg,1776418453.6277773,True,,1.79,1.798733
2355,000000272416.jpg,1776418455.4265952,True,,1.89,1.901136
2356,000000272566.jpg,1776418457.327822,True,,1.89,1.8995
2357,000000273132.jpg,1776418459.2274115,True,,2.49,2.499431
2358,000000273198.jpg,1776418461.726947,True,,1.79,1.800256
2359,000000273232.jpg,1776418463.5273001,True,,1.89,1.89637
2360,000000273420.jpg,1776418465.4237547,True,,1.99,2.002087
2361,000000273493.jpg,1776418467.4259381,True,,1.79,1.800356
2362,000000273551.jpg,1776418469.2263815,True,,1.89,1.902
2363,000000273617.jpg,1776418471.1284826,True,,1.89,1.899107
2364,000000273642.jpg,1776418473.027683,True,,1.89,1.900352
2365,000000273711.jpg,1776418474.9281363,True,,1.49,1.50009
2366,000000273712.jpg,1776418476.4283102,True,,1.89,1.896485
2367,000000273715.jpg,1776418478.3248844,True,,1.89,1.901126
2368,000000273760.jpg,1776418480.2260966,True,,1.89,1.90138
2369,000000274066.jpg,1776418482.1275764,True,,1.89,1.899941
2370,000000274219.jpg,1776418484.0276031,True,,1.99,1.996381
2371,000000274272.jpg,1776418486.0240674,True,,1.99,2.000327
2372,000000274411.jpg,1776418488.0244727,True,,1.8,1.802919
2373,000000274460.jpg,1776418489.8274734,True,,1.99,2.001251
2374,000000274687.jpg,1776418491.8288155,True,,1.69,1.69664
2375,000000274708.jpg,1776418493.5255451,True,,1.89,1.899902
2376,000000275058.jpg,1776418495.4255285,True,,1.39,1.397823
2377,000000275198.jpg,1776418496.823438,True,,1.79,1.801561
2378,000000275392.jpg,1776418498.6250887,True,,2.0,2.003295
2379,000000275727.jpg,1776418500.6284764,True,,1.79,1.800482
2380,000000275749.jpg,1776418502.4290483,True,,1.8,1.895753
2381,000000275791.jpg,1776418504.32489,True,,1.39,1.399221
2382,000000276018.jpg,1776418505.72421,True,,1.29,1.300548
2383,000000276024.jpg,1776418507.024843,True,,1.49,1.499841
2384,000000276055.jpg,1776418508.5247743,True,,1.5,1.502698
2385,000000276284.jpg,1776418510.027562,True,,1.9,1.903211
2386,000000276285.jpg,1776418511.9308612,True,,1.79,1.798319
2387,000000276434.jpg,1776418513.7292688,True,,1.49,1.497262
2388,000000276707.jpg,1776418515.2266214,True,,1.99,1.998584
2389,000000276720.jpg,1776418517.225286,True,,1.49,1.502559
2390,000000276804.jpg,1776418518.7279441,True,,2.19,2.199235
2391,000000276921.jpg,1776418520.9272692,True,,1.99,1.997308
2392,000000277005.jpg,1776418522.9246783,True,,1.79,1.799478
2393,000000277020.jpg,1776418524.7242436,True,,1.69,1.699906
2394,000000277051.jpg,1776418526.42424,True,,1.89,1.9024
2395,000000277197.jpg,1776418528.3267262,True,,1.79,1.799958
2396,000000277584.jpg,1776418530.1267717,True,,1.99,1.997494
2397,000000277689.jpg,1776418532.124351,True,,1.69,1.700479
2398,000000278006.jpg,1776418533.8249295,True,,1.7,1.704608
2399,000000278353.jpg,1776418535.5296245,True,,2.29,2.297985
2400,000000278463.jpg,1776418537.8277009,True,,1.99,2.000159
2401,000000278705.jpg,1776418539.8279579,True,,1.49,1.499353
2402,000000278749.jpg,1776418541.3273985,True,,1.79,1.799427
2403,000000278848.jpg,1776418543.126932,True,,2.09,2.102121
2404,000000278973.jpg,1776418545.229138,True,,1.79,1.797948
2405,000000279145.jpg,1776418547.027175,True,,1.89,1.901849
2406,000000279278.jpg,1776418548.9291108,True,,1.79,1.800161
2407,000000279541.jpg,1776418550.7293553,True,,1.99,1.99508
2408,000000279714.jpg,1776418552.7245164,True,,1.79,1.799353
2409,000000279730.jpg,1776418554.523964,True,,1.99,2.001
2410,000000279769.jpg,1776418556.5250428,True,,1.99,2.000405
2411,000000279774.jpg,1776418558.5255363,True,,2.09,2.100117
2412,000000279887.jpg,1776418560.625741,True,,1.8,1.803398
2413,000000279927.jpg,1776418562.4292247,True,,1.7,1.796923
2414,000000280325.jpg,1776418564.2262285,True,,1.99,2.001125
2415,000000280710.jpg,1776418566.2274446,True,,1.89,1.900072
2416,000000280779.jpg,1776418568.1276026,True,,2.29,2.299218
2417,000000280891.jpg,1776418570.426923,True,,1.79,1.801142
2418,000000280918.jpg,1776418572.2281537,True,,1.99,1.996431
2419,000000280930.jpg,1776418574.2246778,True,,1.89,1.899827
2420,000000281032.jpg,1776418576.1245866,True,,1.89,1.901791
2421,000000281179.jpg,1776418578.0264595,True,,2.09,2.097684
2422,000000281409.jpg,1776418580.1242268,True,,1.99,2.000148
2423,000000281414.jpg,1776418582.1244602,True,,1.9,1.903806
2424,000000281447.jpg,1776418584.028357,True,,1.99,1.996146
2425,000000281687.jpg,1776418586.024593,True,,1.9,1.903348
2426,000000281693.jpg,1776418587.9280305,True,,2.19,2.198076
2427,000000281754.jpg,1776418590.1261888,True,,1.99,1.998431
2428,000000281759.jpg,1776418592.1247053,True,,1.8,1.803323
2429,000000281929.jpg,1776418593.9281173,True,,1.99,1.996596
2430,000000282037.jpg,1776418595.924805,True,,1.49,1.502884
2431,000000282046.jpg,1776418597.427782,True,,1.59,1.601806
2432,000000282296.jpg,1776418599.0296755,True,,2.09,2.095177
2433,000000282298.jpg,1776418601.124951,True,,1.9,1.903124
2434,000000282912.jpg,1776418603.028168,True,,1.69,1.696525
2435,000000283037.jpg,1776418604.7247741,True,,1.39,1.398624
2436,000000283038.jpg,1776418606.1234748,True,,1.49,1.502715
2437,000000283070.jpg,1776418607.6262805,True,,1.39,1.400045
2438,000000283113.jpg,1776418609.0264173,True,,1.49,1.498435
2439,000000283268.jpg,1776418610.5249538,True,,1.69,1.70243
2440,000000283318.jpg,1776418612.2274737,True,,1.99,1.997439
2441,000000283412.jpg,1776418614.2249973,True,,1.89,1.902048
2442,000000283520.jpg,1776418616.1271286,True,,1.79,1.801046
2443,000000283717.jpg,1776418617.928266,True,,1.39,1.39891
2444,000000283785.jpg,1776418619.327263,True,,1.39,1.399515
2445,000000284106.jpg,1776418620.7268677,True,,1.8,1.804048
2446,000000284279.jpg,1776418622.5310068,True,,1.9,1.994871
2447,000000284282.jpg,1776418624.5259862,True,,1.89,1.900865
2448,000000284296.jpg,1776418626.4269602,True,,1.99,2.000404
2449,000000284445.jpg,1776418628.4274535,True,,2.69,2.70167
2450,000000284623.jpg,1776418631.1292143,True,,1.99,1.996726
2451,000000284698.jpg,1776418633.1260257,True,,1.99,2.001844
2452,000000284725.jpg,1776418635.1279652,True,,1.99,1.997106
2453,000000284743.jpg,1776418637.1251638,True,,1.89,1.902459
2454,000000284762.jpg,1776418639.0277066,True,,1.89,1.899023
2455,000000284764.jpg,1776418640.9268196,True,,1.89,1.901142
2456,000000284991.jpg,1776418642.8280573,True,,1.59,1.602875
2457,000000285047.jpg,1776418644.4310224,True,,1.3,1.395835
2458,000000285349.jpg,1776418645.8269632,True,,1.49,1.498991
2459,000000285788.jpg,1776418647.3260396,True,,1.59,1.598794
2460,000000285894.jpg,1776418648.9249358,True,,2.0,2.002771
2461,000000286182.jpg,1776418650.9277997,True,,1.99,2.000272
2462,000000286422.jpg,1776418652.928162,True,,1.69,1.701799
2463,000000286458.jpg,1776418654.6300673,True,,1.61,1.699874
2464,000000286503.jpg,1776418656.3300338,True,,1.7,1.79778
2465,000000286507.jpg,1776418658.1279204,True,,1.39,1.399662
2466,000000286523.jpg,1776418659.527675,True,,2.19,2.200318
2467,000000286553.jpg,1776418661.7280838,True,,1.99,1.997581
2468,000000286660.jpg,1776418663.7257526,True,,2.09,2.102344
2469,000000286708.jpg,1776418665.8281872,True,,1.99,2.000771
2470,000000286849.jpg,1776418667.8290448,True,,1.89,1.894121
2471,000000286907.jpg,1776418669.7232444,True,,1.5,1.504387
2472,000000286908.jpg,1776418671.227724,True,,2.59,2.597103
2473,000000286994.jpg,1776418673.824927,True,,1.99,1.998598
2474,000000287291.jpg,1776418675.8236086,True,,1.8,1.804574
2475,000000287347.jpg,1776418677.6282687,True,,1.99,1.996757
2476,000000287527.jpg,1776418679.625114,True,,2.4,2.403046
2477,000000287545.jpg,1776418682.0282536,True,,1.89,1.899996
2478,000000287649.jpg,1776418683.9283447,True,,1.99,1.997331
2479,000000287667.jpg,1776418685.9257593,True,,1.99,2.002367
2480,000000287714.jpg,1776418687.9282174,True,,2.09,2.098642
2481,000000287874.jpg,1776418690.0269625,True,,1.89,1.995851
2482,000000287959.jpg,1776418692.0229075,True,,1.89,1.901944
2483,000000288042.jpg,1776418693.9249527,True,,1.99,1.998811
2484,000000288062.jpg,1776418695.9238455,True,,2.1,2.102857
2485,000000288391.jpg,1776418698.0268052,True,,1.89,1.901303
2486,000000288430.jpg,1776418699.9281976,True,,1.89,1.89993
2487,000000288584.jpg,1776418701.8282146,True,,1.99,1.996394
2488,000000288685.jpg,1776418703.8246918,True,,1.69,1.698775
2489,000000288762.jpg,1776418705.5235486,True,,1.3,1.306092
2490,000000288862.jpg,1776418706.8297253,True,,1.3,1.398297
2491,000000288882.jpg,1776418708.2281175,True,,1.59,1.598578
2492,000000289059.jpg,1776418709.826799,True,,1.99,1.998283
2493,000000289222.jpg,1776418711.825169,True,,1.99,2.000237
2494,000000289229.jpg,1776418713.8254967,True,,1.79,1.798904
2495,000000289343.jpg,1776418715.6244938,True,,2.0,2.004139
2496,000000289393.jpg,1776418717.6287215,True,,1.99,1.997212
2497,000000289415.jpg,1776418719.6260178,True,,1.89,1.902006
2498,000000289417.jpg,1776418721.5281096,True,,1.99,1.995843
2499,000000289516.jpg,1776418723.5240414,True,,1.59,1.599801
2500,000000289586.jpg,1776418725.1239362,True,,1.59,1.601726
2501,000000289594.jpg,1776418726.7257533,True,,1.6,1.603652
2502,000000289659.jpg,1776418728.3294957,True,,1.39,1.394825
2503,000000289702.jpg,1776418729.7244058,True,,1.9,1.9031
2504,000000289741.jpg,1776418731.6275964,True,,1.99,1.998071
2505,000000289938.jpg,1776418733.6257558,True,,1.79,1.80241
2506,000000289960.jpg,1776418735.4282544,True,,1.99,1.997264
2507,000000289992.jpg,1776418737.4256046,True,,1.79,1.800866
2508,000000290081.jpg,1776418739.2265625,True,,2.59,2.600049
2509,000000290163.jpg,1776418741.8267024,True,,1.99,1.999252
2510,000000290179.jpg,1776418743.826045,True,,1.5,1.503421
2511,000000290248.jpg,1776418745.3295522,True,,1.39,1.401385
2512,000000290293.jpg,1776418746.7310257,True,,1.09,1.098304
2513,000000290592.jpg,1776418747.8294187,True,,1.79,1.797547
2514,000000290619.jpg,1776418749.6270576,True,,1.99,1.997391
2515,000000290768.jpg,1776418751.6245368,True,,2.39,2.402406
2516,000000290771.jpg,1776418754.0270333,True,,1.79,1.800577
2517,000000290833.jpg,1776418755.8276997,True,,1.79,1.799342
2518,000000290843.jpg,1776418757.6271336,True,,1.79,1.797419
2519,000000291490.jpg,1776418759.4246361,True,,1.69,1.702611
2520,000000291551.jpg,1776418761.1273365,True,,1.99,1.995813
2521,000000291619.jpg,1776418763.1232336,True,,1.7,1.703633
2522,000000291634.jpg,1776418764.8269722,True,,1.7,1.703789
2523,000000291664.jpg,1776418766.5308506,True,,2.09,2.096154
2524,000000291791.jpg,1776418768.6270978,True,,1.79,1.798978
2525,000000291861.jpg,1776418770.4261582,True,,1.69,1.69722
2526,000000292005.jpg,1776418772.1234615,True,,1.8,1.803544
2527,000000292024.jpg,1776418773.9270887,True,,2.39,2.39947
2528,000000292060.jpg,1776418776.3266518,True,,1.89,1.901692
2529,000000292082.jpg,1776418778.2284315,True,,2.49,2.499378
2530,000000292155.jpg,1776418780.7279088,True,,1.89,1.899127
2531,000000292225.jpg,1776418782.6271255,True,,1.99,1.997346
2532,000000292236.jpg,1776418784.6245584,True,,1.99,1.998728
2533,000000292330.jpg,1776418786.623377,True,,1.89,1.902363
2534,000000292415.jpg,1776418788.5258386,True,,1.89,1.902037
2535,000000292446.jpg,1776418790.4279816,True,,2.39,2.398518
2536,000000292456.jpg,1776418792.82659,True,,1.99,1.999264
2537,000000292488.jpg,1776418794.8259618,True,,1.89,1.901822
2538,000000292908.jpg,1776418796.7278745,True,,1.69,1.702049
2539,000000292997.jpg,1776418798.430011,True,,1.99,1.997992
2540,000000293044.jpg,1776418800.4280884,True,,1.59,1.598296
2541,000000293071.jpg,1776418802.0264752,True,,1.79,1.800632
2542,000000293200.jpg,1776418803.827198,True,,1.79,1.895714
2543,000000293245.jpg,1776418805.7229972,True,,1.8,1.805431
2544,000000293300.jpg,1776418807.5285227,True,,1.89,1.89538
2545,000000293324.jpg,1776418809.423989,True,,1.69,1.7019
2546,000000293390.jpg,1776418811.1259942,True,,1.9,1.903894
2547,000000293474.jpg,1776418813.0299935,True,,1.89,1.895339
2548,000000293625.jpg,1776418814.925419,True,,2.0,2.003583
2549,000000293794.jpg,1776418816.9290857,True,,1.99,1.996426
2550,000000293804.jpg,1776418818.9255998,True,,1.89,1.900069
2551,000000293858.jpg,1776418820.8257551,True,,2.19,2.201054
2552,000000294162.jpg,1776418823.0269227,True,,1.99,1.997939
2553,000000294163.jpg,1776418825.024968,True,,1.89,1.8997
2554,000000294350.jpg,1776418826.9247513,True,,1.89,1.900013
2555,000000294695.jpg,1776418828.824852,True,,1.8,1.803423
2556,000000294783.jpg,1776418830.6283672,True,,1.89,1.89945
2557,000000294831.jpg,1776418832.527926,True,,1.29,1.297803
2558,000000294855.jpg,1776418833.825817,True,,1.39,1.401675
2559,000000295138.jpg,1776418835.2275789,True,,1.79,1.798944
2560,000000295231.jpg,1776418837.0266104,True,,1.89,1.90141
2561,000000295316.jpg,1776418838.9281049,True,,1.49,1.499956
2562,000000295420.jpg,1776418840.4281466,True,,1.89,1.897151
2563,000000295478.jpg,1776418842.3253849,True,,1.5,1.503332
2564,000000295713.jpg,1776418843.8288035,True,,1.39,1.396097
2565,000000295797.jpg,1776418845.22499,True,,1.79,1.801733
2566,000000295809.jpg,1776418847.026817,True,,1.59,1.598277
2567,000000296222.jpg,1776418848.6251802,True,,1.39,1.400799
2568,000000296224.jpg,1776418850.0260658,True,,1.89,1.901845
2569,000000296231.jpg,1776418851.9280028,True,,1.39,1.397084
2570,000000296284.jpg,1776418853.3251736,True,,2.0,2.003227
2571,000000296317.jpg,1776418855.328518,True,,1.89,1.894914
2572,000000296634.jpg,1776418857.2235193,True,,1.8,1.804305
2573,000000296649.jpg,1776418859.027929,True,,1.39,1.398517
2574,000000296657.jpg,1776418860.4265447,True,,1.39,1.398167
2575,000000296969.jpg,1776418861.8248029,True,,1.8,1.804681
2576,000000297022.jpg,1776418863.6295724,True,,2.1,2.197427
2577,000000297084.jpg,1776418865.8270867,True,,2.49,2.499567
2578,000000297085.jpg,1776418868.3267434,True,,1.99,2.001572
2579,000000297147.jpg,1776418870.3283987,True,,1.89,1.900104
2580,000000297343.jpg,1776418872.2285864,True,,1.89,1.894858
2581,000000297353.jpg,1776418874.123534,True,,2.4,2.403402
2582,000000297396.jpg,1776418876.5270214,True,,1.89,1.900567
2583,000000297427.jpg,1776418878.4276712,True,,2.29,2.299284
2584,000000297562.jpg,1776418880.7270463,True,,1.99,2.001078
2585,000000297578.jpg,1776418882.7282164,True,,1.59,1.59817
2586,000000297595.jpg,1776418884.3264735,True,,1.59,1.6015
2587,000000297681.jpg,1776418885.9280598,True,,1.79,1.798308
2588,000000297698.jpg,1776418887.7264576,True,,1.89,1.900842
2589,000000297830.jpg,1776418889.6273892,True,,2.09,2.099663
2590,000000298251.jpg,1776418891.7271445,True,,0.99,1.000877
2591,000000298396.jpg,1776418892.7281125,True,,2.09,2.100058
2592,000000298697.jpg,1776418894.8282588,True,,1.49,1.498312
2593,000000298738.jpg,1776418896.3266609,True,,1.79,1.801665
2594,000000298904.jpg,1776418898.128418,True,,1.99,1.999681
2595,000000298994.jpg,1776418900.1281881,True,,1.99,1.996568
2596,000000299355.jpg,1776418902.1248448,True,,1.9,1.904318
2597,000000299553.jpg,1776418904.0292544,True,,1.59,1.594328
2598,000000299609.jpg,1776418905.6236691,True,,1.4,1.404479
2599,000000299720.jpg,1776418907.0282397,True,,1.99,1.997722
2600,000000299887.jpg,1776418909.0260477,True,,1.99,2.001764
2601,000000300039.jpg,1776418911.0279145,True,,1.99,1.998002
2602,000000300155.jpg,1776418913.0260005,True,,1.79,1.798339
2603,000000300233.jpg,1776418914.8244264,True,,1.9,1.906412
2604,000000300276.jpg,1776418916.7309418,True,,1.59,1.596495
2605,000000300341.jpg,1776418918.3275208,True,,1.79,1.799773
2606,000000300659.jpg,1776418920.127384,True,,1.69,1.696524
2607,000000300842.jpg,1776418921.8239927,True,,1.9,1.903941
2608,000000300913.jpg,1776418923.7280242,True,,1.59,1.595721
2609,000000301061.jpg,1776418925.3238282,True,,1.4,1.404384
2610,000000301135.jpg,1776418926.7283003,True,,1.39,1.397179
2611,000000301376.jpg,1776418928.1255696,True,,1.3,1.397498
2612,000000301421.jpg,1776418929.5231485,True,,1.2,1.207723
2613,000000301563.jpg,1776418930.7309666,True,,1.59,1.597817
2614,000000301718.jpg,1776418932.3288698,True,,1.69,1.699354
2615,000000301867.jpg,1776418934.028313,True,,1.89,1.89993
2616,000000301981.jpg,1776418935.9283288,True,,1.79,1.796338
2617,000000302030.jpg,1776418937.7247481,True,,1.69,1.69954
2618,000000302107.jpg,1776418939.424372,True,,1.9,1.90321
2619,000000302165.jpg,1776418941.327691,True,,1.79,1.800321
2620,000000302452.jpg,1776418943.1281016,True,,2.49,2.498615
2621,000000302536.jpg,1776418945.6268027,True,,1.69,1.696731
2622,000000302760.jpg,1776418947.3236187,True,,1.5,1.504398
2623,000000302882.jpg,1776418948.8281035,True,,1.59,1.598364
2624,000000302990.jpg,1776418950.426562,True,,1.39,1.399956
2625,000000303305.jpg,1776418951.826607,True,,1.99,1.998099
2626,000000303499.jpg,1776418953.8247879,True,,1.89,1.899617
2627,000000303566.jpg,1776418955.7244885,True,,1.8,1.802817
2628,000000303653.jpg,1776418957.5273995,True,,1.39,1.401156
2629,000000303713.jpg,1776418958.9286454,True,,1.39,1.39737
2630,000000303818.jpg,1776418960.3261,True,,1.49,1.498809
2631,000000303863.jpg,1776418961.8249953,True,,1.89,1.9021
2632,000000303893.jpg,1776418963.727186,True,,1.39,1.401421
2633,000000303908.jpg,1776418965.128695,True,,1.3,1.399329
2634,000000304180.jpg,1776418966.528117,True,,1.7,1.798864
2635,000000304291.jpg,1776418968.3270712,True,,1.79,1.802391
2636,000000304365.jpg,1776418970.129557,True,,1.89,1.899167
2637,000000304396.jpg,1776418972.0288115,True,,1.89,1.899242
2638,000000304404.jpg,1776418973.928146,True,,1.89,1.899851
2639,000000304545.jpg,1776418975.8280938,True,,1.89,1.897896
2640,000000304560.jpg,1776418977.7260778,True,,1.89,1.901906
2641,000000304812.jpg,1776418979.628072,True,,1.89,1.899813
2642,000000304817.jpg,1776418981.5279856,True,,1.39,1.401551
2643,000000304984.jpg,1776418982.929624,True,,1.8,1.89786
2644,000000305309.jpg,1776418984.8275735,True,,1.19,1.201129
2645,000000305317.jpg,1776418986.028798,True,,1.89,1.898743
2646,000000305343.jpg,1776418987.927626,True,,1.89,1.900276
2647,000000305609.jpg,1776418989.8279939,True,,2.59,2.599878
2648,000000305695.jpg,1776418992.427966,True,,1.99,1.996706
2649,000000306136.jpg,1776418994.4247546,True,,1.8,1.8028
2650,000000306139.jpg,1776418996.2276423,True,,1.39,1.398442
2651,000000306437.jpg,1776418997.626176,True,,1.29,1.300947
2652,000000306582.jpg,1776418998.9272113,True,,1.49,1.49995
2653,000000306700.jpg,1776419000.4272525,True,,1.99,2.00098
2654,000000306733.jpg,1776419002.4283223,True,,1.39,1.399103
2655,000000306893.jpg,1776419003.8275125,True,,1.59,1.600406
2656,000000307074.jpg,1776419005.428007,True,,1.79,1.800184
2657,000000307145.jpg,1776419007.2282746,True,,1.99,1.99718
2658,000000307172.jpg,1776419009.2255492,True,,1.39,1.399822
2659,000000307598.jpg,1776419010.6254723,True,,1.49,1.502046
2660,000000307658.jpg,1776419012.1276042,True,,2.39,2.400193
2661,000000308165.jpg,1776419014.5278833,True,,1.89,1.900297
2662,000000308193.jpg,1776419016.428269,True,,1.89,1.89973
2663,000000308328.jpg,1776419018.3280892,True,,1.59,1.595624
2664,000000308391.jpg,1776419019.9238021,True,,1.6,1.604179
2665,000000308394.jpg,1776419021.5280702,True,,1.79,1.797874
2666,000000308430.jpg,1776419023.3260326,True,,1.49,1.498917
2667,000000308466.jpg,1776419024.825035,True,,1.39,1.402627
2668,000000308476.jpg,1776419026.2277544,True,,1.79,1.799677
2669,000000308531.jpg,1776419028.0275185,True,,1.69,1.696402
2670,000000308545.jpg,1776419029.7240088,True,,1.9,1.903859
2671,000000308587.jpg,1776419031.627974,True,,1.89,1.897193
2672,000000308631.jpg,1776419033.525257,True,,1.89,1.902271
2673,000000308753.jpg,1776419035.4276178,True,,1.99,1.997259
2674,000000308793.jpg,1776419037.4249852,True,,1.99,2.003213
2675,000000308799.jpg,1776419039.4282835,True,,1.49,1.497382
2676,000000309173.jpg,1776419040.9257526,True,,1.39,1.401628
2677,000000309391.jpg,1776419042.3274727,True,,1.59,1.595844
2678,000000309452.jpg,1776419043.9233997,True,,1.69,1.700511
2679,000000309467.jpg,1776419045.6239986,True,,1.4,1.405077
2680,000000309484.jpg,1776419047.0291624,True,,2.29,2.296948
2681,000000309495.jpg,1776419049.3262,True,,1.89,1.900595
2682,000000309655.jpg,1776419051.2268825,True,,1.89,1.900096
2683,000000309678.jpg,1776419053.1270676,True,,1.59,1.599
2684,000000309938.jpg,1776419054.7261536,True,,1.89,1.898278
2685,000000309964.jpg,1776419056.6245296,True,,1.79,1.799843
2686,000000310072.jpg,1776419058.4244587,True,,1.49,1.50018
2687,000000310200.jpg,1776419059.9247274,True,,1.79,1.802324
2688,000000310622.jpg,1776419061.7271426,True,,1.79,1.798975
2689,000000310862.jpg,1776419063.5262055,True,,2.39,2.400261
2690,000000310980.jpg,1776419065.9265487,True,,1.79,1.797871
2691,000000311002.jpg,1776419067.7245045,True,,1.8,1.803378
2692,000000311081.jpg,1776419069.5279806,True,,1.99,1.99686
2693,000000311180.jpg,1776419071.5249465,True,,1.89,1.901971
2694,000000311190.jpg,1776419073.4270053,True,,1.99,2.000153
2695,000000311295.jpg,1776419075.4272456,True,,1.89,1.900549
2696,000000311303.jpg,1776419077.327884,True,,1.89,1.895831
2697,000000311392.jpg,1776419079.2238011,True,,1.9,1.905578
2698,000000311394.jpg,1776419081.1294677,True,,1.99,1.996312
2699,000000311518.jpg,1776419083.125864,True,,1.89,1.901296
2700,000000311789.jpg,1776419085.0272503,True,,1.89,1.898456
2701,000000311883.jpg,1776419086.9257898,True,,1.4,1.403686
2702,000000311909.jpg,1776419088.3295662,True,,1.99,1.996301
2703,000000311928.jpg,1776419090.325974,True,,1.69,1.698927
2704,000000311950.jpg,1776419092.0249894,True,,1.89,1.902618
2705,000000312192.jpg,1776419093.9276943,True,,1.79,1.800059
2706,000000312213.jpg,1776419095.727844,True,,1.99,1.997228
2707,000000312237.jpg,1776419097.725159,True,,1.39,1.398142
2708,000000312263.jpg,1776419099.1233888,True,,2.0,2.004677
2709,000000312278.jpg,1776419101.1281543,True,,1.09,1.097076
2710,000000312340.jpg,1776419102.2253168,True,,1.89,1.902182
2711,000000312406.jpg,1776419104.1275861,True,,1.99,1.997648
2712,000000312421.jpg,1776419106.1253214,True,,1.99,1.998308
2713,000000312489.jpg,1776419108.123712,True,,1.9,1.904067
2714,000000312549.jpg,1776419110.0278673,True,,1.99,1.999795
2715,000000312552.jpg,1776419112.0277472,True,,1.89,1.900053
2716,000000312586.jpg,1776419113.9278843,True,,1.79,1.800081
2717,000000312720.jpg,1776419115.728055,True,,1.89,1.899255
2718,000000313034.jpg,1776419117.6274006,True,,1.49,1.497267
2719,000000313130.jpg,1776419119.1247578,True,,1.89,1.902395
2720,000000313182.jpg,1776419121.0272412,True,,1.89,1.899897
2721,000000313454.jpg,1776419122.927226,True,,1.69,1.701782
2722,000000313562.jpg,1776419124.6290965,True,,1.9,1.99886
2723,000000313588.jpg,1776419126.6280553,True,,1.99,2.002495
2724,000000313783.jpg,1776419128.6306386,True,,1.99,1.993838
2725,000000314034.jpg,1776419130.6245627,True,,1.5,1.503072
2726,000000314177.jpg,1776419132.1277235,True,,2.19,2.198761
2727,000000314182.jpg,1776419134.3265717,True,,1.4,1.403392
2728,000000314251.jpg,1776419135.7300477,True,,1.49,1.495162
2729,000000314264.jpg,1776419137.2252958,True,,1.4,1.405343
2730,000000314294.jpg,1776419138.630727,True,,1.29,1.298233
2731,000000314541.jpg,1776419139.9290416,True,,1.99,1.994607
2732,000000314709.jpg,1776419141.9237359,True,,1.99,2.000885
2733,000000314914.jpg,1776419143.9247055,True,,1.99,2.000485
2734,000000315001.jpg,1776419145.9252715,True,,2.49,2.50167
2735,000000315187.jpg,1776419148.4270298,True,,1.89,1.901267
2736,000000315219.jpg,1776419150.3283877,True,,1.99,1.997321
2737,000000315257.jpg,1776419152.3258083,True,,2.19,2.200262
2738,000000315450.jpg,1776419154.5261571,True,,1.79,1.802062
2739,000000315492.jpg,1776419156.328316,True,,2.49,2.499954
2740,000000316015.jpg,1776419158.8283546,True,,1.99,1.997592
2741,000000316054.jpg,1776419160.8260334,True,,1.89,1.898366
2742,000000316404.jpg,1776419162.7244883,True,,1.99,2.000026
2743,000000316666.jpg,1776419164.7246008,True,,1.99,2.000394
2744,000000317024.jpg,1776419166.7250757,True,,2.0,2.002581
2745,000000317433.jpg,1776419168.7277443,True,,1.99,1.996114
2746,000000317999.jpg,1776419170.7239547,True,,1.8,1.802811
2747,000000318080.jpg,1776419172.52685,True,,1.49,1.498635
2748,000000318114.jpg,1776419174.0255713,True,,1.59,1.60039
2749,000000318138.jpg,1776419175.6260474,True,,2.0,2.002949
2750,000000318238.jpg,1776419177.6290836,True,,1.99,1.998477
2751,000000318455.jpg,1776419179.627648,True,,1.49,1.499889
2752,000000318908.jpg,1776419181.1276345,True,,1.89,1.900133
2753,000000319100.jpg,1776419183.0278504,True,,1.89,1.89899
2754,000000319184.jpg,1776419184.926952,True,,1.69,1.696575
2755,000000319369.jpg,1776419186.6236148,True,,1.8,1.803309
2756,000000319534.jpg,1776419188.4270082,True,,1.49,1.500568
2757,000000319607.jpg,1776419189.927666,True,,2.49,2.499973
2758,000000319617.jpg,1776419192.4277265,True,,1.99,2.000372
2759,000000319696.jpg,1776419194.428209,True,,1.89,1.898415
2760,000000319721.jpg,1776419196.3267097,True,,1.99,2.002176
2761,000000319935.jpg,1776419198.3290145,True,,1.69,1.697213
2762,000000320232.jpg,1776419200.026319,True,,1.99,1.999703
2763,000000320425.jpg,1776419202.0261118,True,,1.99,1.998259
2764,000000320490.jpg,1776419204.0244634,True,,1.89,1.899612
2765,000000320554.jpg,1776419205.9241621,True,,1.99,2.000789
2766,000000320632.jpg,1776419207.9250395,True,,1.59,1.599819
2767,000000320642.jpg,1776419209.5249648,True,,1.39,1.401095
2768,000000320664.jpg,1776419210.9261436,True,,1.99,2.000528
2769,000000320696.jpg,1776419212.926758,True,,1.89,1.900018
2770,000000320706.jpg,1776419214.8268654,True,,1.99,2.001018
2771,000000320743.jpg,1776419216.8279827,True,,1.69,1.696774
2772,000000321118.jpg,1776419218.5248504,True,,1.79,1.802467
2773,000000321214.jpg,1776419220.3274043,True,,1.99,1.997988
2774,000000321333.jpg,1776419222.325476,True,,1.69,1.698343
2775,000000321557.jpg,1776419224.02392,True,,2.39,2.40111
2776,000000321790.jpg,1776419226.4251122,True,,1.9,1.902622
2777,000000321887.jpg,1776419228.327823,True,,1.89,1.898124
2778,000000322163.jpg,1776419230.2260315,True,,1.99,2.001488
2779,000000322211.jpg,1776419232.2276099,True,,1.99,1.997468
2780,000000322352.jpg,1776419234.2251606,True,,1.99,1.99976
2781,000000322429.jpg,1776419236.2250144,True,,1.99,1.999612
2782,000000322574.jpg,1776419238.2247107,True,,1.99,2.00046
2783,000000322610.jpg,1776419240.22525,True,,1.99,1.99844
2784,000000322724.jpg,1776419242.223777,True,,1.99,2.000863
2785,000000322829.jpg,1776419244.2247252,True,,1.79,1.801779
2786,000000322844.jpg,1776419246.0265887,True,,1.99,2.001838
2787,000000322864.jpg,1776419248.0285199,True,,1.99,1.99826
2788,000000322895.jpg,1776419250.0268695,True,,1.89,1.898811
2789,000000322944.jpg,1776419251.9257693,True,,1.49,1.501642
2790,000000322959.jpg,1776419253.4275043,True,,2.39,2.399906
2791,000000322968.jpg,1776419255.827501,True,,1.8,1.803063
2792,000000323151.jpg,1776419257.6306524,True,,1.49,1.497135
2793,000000323202.jpg,1776419259.127885,True,,1.99,1.995648
2794,000000323263.jpg,1776419261.1236193,True,,1.7,1.704312
2795,000000323355.jpg,1776419262.8280218,True,,1.89,1.898853
2796,000000323496.jpg,1776419264.7269833,True,,1.99,1.997972
2797,000000323571.jpg,1776419266.725045,True,,1.79,1.79956
2798,000000323709.jpg,1776419268.5246892,True,,1.4,1.403567
2799,000000323751.jpg,1776419269.9283414,True,,1.89,1.899494
2800,000000323799.jpg,1776419271.8279352,True,,1.99,2.000087
2801,000000323828.jpg,1776419273.8281126,True,,1.99,1.995382
2802,000000323895.jpg,1776419275.823581,True,,2.1,2.104853
2803,000000324158.jpg,1776419277.9285161,True,,1.49,1.496188
2804,000000324258.jpg,1776419279.42479,True,,2.09,2.100976
2805,000000324614.jpg,1776419281.5258589,True,,1.99,1.998892
2806,000000324715.jpg,1776419283.524837,True,,1.89,1.900017
2807,000000324818.jpg,1776419285.4249547,True,,1.79,1.798566
2808,000000324927.jpg,1776419287.2236044,True,,2.0,2.0046
2809,000000325031.jpg,1776419289.2283015,True,,1.89,1.89694
2810,000000325114.jpg,1776419291.1253304,True,,1.4,1.403217
2811,000000325306.jpg,1776419292.5286362,True,,1.89,1.898754
2812,000000325347.jpg,1776419294.427479,True,,1.69,1.699134
2813,000000325483.jpg,1776419296.1266997,True,,1.99,1.999153
2814,000000325527.jpg,1776419298.125947,True,,1.89,1.901835
2815,000000325838.jpg,1776419300.027871,True,,1.89,1.896809
2816,000000325991.jpg,1776419301.924766,True,,1.8,1.802489
2817,000000326082.jpg,1776419303.7273402,True,,1.79,1.798615
2818,000000326128.jpg,1776419305.5260377,True,,1.89,1.901289
2819,000000326174.jpg,1776419307.4274278,True,,1.99,1.997422
2820,000000326248.jpg,1776419309.4249473,True,,1.79,1.802354
2821,000000326462.jpg,1776419311.2273846,True,,2.59,2.599689
2822,000000326541.jpg,1776419313.8271608,True,,1.49,1.50029
2823,000000326542.jpg,1776419315.3275383,True,,1.39,1.400884
2824,000000326627.jpg,1776419316.728515,True,,1.49,1.498833
2825,000000326970.jpg,1776419318.2274358,True,,1.69,1.699376
2826,000000327306.jpg,1776419319.926891,True,,1.79,1.800416
2827,000000327592.jpg,1776419321.727423,True,,1.79,1.796895
2828,000000327601.jpg,1776419323.5244076,True,,1.9,1.903327
2829,000000327605.jpg,1776419325.4278212,True,,1.99,2.000716
2830,000000327617.jpg,1776419327.4286273,True,,1.59,1.599552
2831,000000327701.jpg,1776419329.0282738,True,,1.39,1.398325
2832,000000327769.jpg,1776419330.4266832,True,,1.89,1.901101
2833,000000327780.jpg,1776419332.3278768,True,,1.99,2.000525
2834,000000327890.jpg,1776419334.3284903,True,,1.89,1.896213
2835,000000328030.jpg,1776419336.224788,True,,1.89,1.902032
2836,000000328117.jpg,1776419338.1269233,True,,1.99,1.99794
2837,000000328238.jpg,1776419340.124966,True,,1.79,1.800211
2838,000000328286.jpg,1776419341.9252627,True,,1.79,1.802382
2839,000000328337.jpg,1776419343.7277315,True,,1.49,1.498604
2840,000000328430.jpg,1776419345.2264252,True,,1.39,1.400507
2841,000000328601.jpg,1776419346.6270146,True,,1.69,1.701244
2842,000000328683.jpg,1776419348.3283446,True,,1.89,1.896528
2843,000000328959.jpg,1776419350.2249718,True,,1.29,1.30009
2844,000000329041.jpg,1776419351.5251503,True,,1.79,1.802307
2845,000000329080.jpg,1776419353.327545,True,,1.79,1.799719
2846,000000329219.jpg,1776419355.1273606,True,,1.89,1.897591
2847,000000329319.jpg,1776419357.0250382,True,,1.79,1.802386
2848,000000329323.jpg,1776419358.8275166,True,,1.49,1.495986
2849,000000329447.jpg,1776419360.3235865,True,,2.0,2.003472
2850,000000329455.jpg,1776419362.3271449,True,,1.69,1.7003
2851,000000329456.jpg,1776419364.0275333,True,,1.79,1.797292
2852,000000329542.jpg,1776419365.8249187,True,,2.49,2.502484
2853,000000329614.jpg,1776419368.3274875,True,,1.39,1.395943
2854,000000329827.jpg,1776419369.723514,True,,1.7,1.703291
2855,000000330369.jpg,1776419371.4268932,True,,1.89,1.90073
2856,000000330396.jpg,1776419373.3277266,True,,1.99,1.99985
2857,000000330554.jpg,1776419375.3276646,True,,1.99,1.999949
2858,000000330790.jpg,1776419377.327702,True,,1.79,1.800235
2859,000000330818.jpg,1776419379.1280258,True,,1.89,1.89968
2860,000000331075.jpg,1776419381.0278015,True,,2.39,2.398843
2861,000000331280.jpg,1776419383.4267325,True,,1.69,1.70089
2862,000000331317.jpg,1776419385.1277065,True,,1.99,2.001219
2863,000000331352.jpg,1776419387.129009,True,,1.89,1.899178
2864,000000331569.jpg,1776419389.0282722,True,,2.49,2.499271
2865,000000331604.jpg,1776419391.5276263,True,,1.4,1.403225
2866,000000331799.jpg,1776419392.9309528,True,,1.79,1.795968
2867,000000331817.jpg,1776419394.7270103,True,,2.09,2.096421
2868,000000332318.jpg,1776419396.8235145,True,,1.7,1.706036
2869,000000332351.jpg,1776419398.52964,True,,1.89,1.898028
2870,000000332455.jpg,1776419400.4277492,True,,1.99,1.996335
2871,000000332570.jpg,1776419402.424168,True,,2.09,2.101156
2872,000000332845.jpg,1776419404.5254097,True,,1.89,1.902688
2873,000000332901.jpg,1776419406.4281893,True,,1.59,1.598812
2874,000000333069.jpg,1776419408.0270882,True,,1.89,1.897738
2875,000000333237.jpg,1776419409.9249208,True,,1.7,1.704447
2876,000000333402.jpg,1776419411.629458,True,,1.89,1.894581
2877,000000333697.jpg,1776419413.5241275,True,,1.79,1.802271
2878,000000333745.jpg,1776419415.3264883,True,,1.79,1.799854
2879,000000333772.jpg,1776419417.1264286,True,,1.89,1.901124
2880,000000333956.jpg,1776419419.0276396,True,,1.79,1.799538
2881,000000334006.jpg,1776419420.8272643,True,,1.89,1.900767
2882,000000334309.jpg,1776419422.728117,True,,1.89,1.898548
2883,000000334371.jpg,1776419424.6267555,True,,1.49,1.500119
2884,000000334399.jpg,1776419426.1269789,True,,1.99,2.001263
2885,000000334417.jpg,1776419428.1283417,True,,1.79,1.797254
2886,000000334483.jpg,1776419429.9256845,True,,1.99,1.999918
2887,000000334521.jpg,1776419431.9256861,True,,1.79,1.79904
2888,000000334530.jpg,1776419433.7248087,True,,2.0,2.002898
2889,000000334555.jpg,1776419435.7277884,True,,1.99,1.997207
2890,000000334719.jpg,1776419437.7250805,True,,1.69,1.702306
2891,000000334767.jpg,1776419439.427467,True,,1.99,1.997361
2892,000000334977.jpg,1776419441.4249249,True,,1.39,1.40186
2893,000000335081.jpg,1776419442.8268719,True,,1.39,1.400799
2894,000000335177.jpg,1776419444.2277658,True,,1.79,1.798837
2895,000000335328.jpg,1776419446.0266926,True,,2.09,2.10249
2896,000000335427.jpg,1776419448.1292672,True,,1.79,1.800014
2897,000000335450.jpg,1776419449.9293733,True,,1.7,1.796021
2898,000000335529.jpg,1776419451.72549,True,,1.99,1.999443
2899,000000335658.jpg,1776419453.7250206,True,,2.0,2.002789
2900,000000335800.jpg,1776419455.7279158,True,,1.89,1.899214
2901,000000335954.jpg,1776419457.627215,True,,2.49,2.499418
2902,000000336053.jpg,1776419460.12672,True,,1.99,2.001573
2903,000000336209.jpg,1776419462.1283863,True,,1.79,1.798527
2904,000000336232.jpg,1776419463.926999,True,,1.99,1.998756
2905,000000336265.jpg,1776419465.92584,True,,1.99,2.00228
2906,000000336309.jpg,1776419467.928212,True,,1.89,1.899314
2907,000000336356.jpg,1776419469.827627,True,,1.79,1.799771
2908,000000336587.jpg,1776419471.6274886,True,,1.4,1.403251
2909,000000336628.jpg,1776419473.0308251,True,,1.39,1.395622
2910,000000336658.jpg,1776419474.426532,True,,1.39,1.398145
2911,000000337055.jpg,1776419475.8247643,True,,1.3,1.398288
2912,000000337498.jpg,1776419477.223138,True,,1.79,1.800931
2913,000000337987.jpg,1776419479.0241551,True,,2.09,2.100641
2914,000000338191.jpg,1776419481.124883,True,,2.39,2.402697
2915,000000338219.jpg,1776419483.5276656,True,,2.29,2.300297
2916,000000338304.jpg,1776419485.8280463,True,,1.7,1.703978
2917,000000338325.jpg,1776419487.5321107,True,,1.61,1.697168
2918,000000338428.jpg,1776419489.229362,True,,1.5,1.596005
2919,000000338532.jpg,1776419490.8254504,True,,1.8,1.804627
2920,000000338560.jpg,1776419492.630163,True,,1.79,1.796662
2921,000000338624.jpg,1776419494.4269164,True,,1.59,1.596588
2922,000000338625.jpg,1776419496.023585,True,,1.8,1.803843
2923,000000338718.jpg,1776419497.8275115,True,,2.09,2.101679
2924,000000338901.jpg,1776419499.9292717,True,,1.89,1.894433
2925,000000338905.jpg,1776419501.823787,True,,1.8,1.80349
2926,000000338986.jpg,1776419503.627362,True,,1.59,1.601159
2927,000000339442.jpg,1776419505.2286198,True,,1.99,1.996933
2928,000000339823.jpg,1776419507.2256415,True,,1.89,1.899148
2929,000000339870.jpg,1776419509.1248765,True,,1.79,1.799201
2930,000000340015.jpg,1776419510.924156,True,,1.8,1.803622
2931,000000340175.jpg,1776419512.7278593,True,,1.69,1.696617
2932,000000340272.jpg,1776419514.424565,True,,1.5,1.503169
2933,000000340451.jpg,1776419515.927819,True,,1.79,1.796949
2934,000000340697.jpg,1776419517.7248523,True,,1.89,1.89968
2935,000000340894.jpg,1776419519.6246183,True,,1.79,1.802122
2936,000000340930.jpg,1776419521.4268386,True,,1.89,1.897974
2937,000000341058.jpg,1776419523.324919,True,,1.59,1.6022
2938,000000341094.jpg,1776419524.927208,True,,1.69,1.697489
2939,000000341196.jpg,1776419526.6247852,True,,1.99,2.000861
2940,000000341469.jpg,1776419528.6257305,True,,1.79,1.800274
2941,000000341681.jpg,1776419530.4260917,True,,1.69,1.701554
2942,000000341719.jpg,1776419532.127734,True,,1.99,2.002202
2943,000000341828.jpg,1776419534.1300197,True,,2.39,2.3973
2944,000000341921.jpg,1776419536.5274055,True,,1.59,1.596706
2945,000000341973.jpg,1776419538.1241987,True,,1.4,1.403679
2946,000000342006.jpg,1776419539.5279782,True,,1.99,1.997559
2947,000000342128.jpg,1776419541.5256228,True,,2.19,2.200625
2948,000000342186.jpg,1776419543.7263436,True,,1.79,1.801711
2949,000000342295.jpg,1776419545.528144,True,,1.39,1.397814
2950,000000342367.jpg,1776419546.926046,True,,1.39,1.402381
2951,000000342397.jpg,1776419548.3285146,True,,1.39,1.397554
2952,000000342971.jpg,1776419549.7261717,True,,1.09,1.098693
2953,000000343076.jpg,1776419550.824962,True,,1.99,1.999921
2954,000000343149.jpg,1776419552.8249848,True,,1.89,1.900532
2955,000000343218.jpg,1776419554.7256048,True,,1.79,1.802408
2956,000000343315.jpg,1776419556.5281074,True,,1.79,1.798965
2957,000000343453.jpg,1776419558.327161,True,,1.99,2.001888
2958,000000343466.jpg,1776419560.3291395,True,,1.89,1.895397
2959,000000343496.jpg,1776419562.2246184,True,,1.6,1.604467
2960,000000343524.jpg,1776419563.829176,True,,1.49,1.498001
2961,000000343561.jpg,1776419565.3272638,True,,1.79,1.799028
2962,000000343706.jpg,1776419567.1263819,True,,1.99,2.001992
2963,000000343803.jpg,1776419569.1284626,True,,1.79,1.799551
2964,000000343934.jpg,1776419570.928107,True,,1.99,1.996678
2965,000000343937.jpg,1776419572.9248755,True,,1.79,1.802422
2966,000000343976.jpg,1776419574.7273912,True,,1.39,1.40018
2967,000000344029.jpg,1776419576.1276555,True,,1.39,1.40173
2968,000000344059.jpg,1776419577.5294778,True,,1.39,1.394584
2969,000000344100.jpg,1776419578.9241486,True,,1.3,1.306471
2970,000000344268.jpg,1776419580.2307043,True,,1.49,1.494349
2971,000000344611.jpg,1776419581.725141,True,,1.39,1.400347
2972,000000344614.jpg,1776419583.1255727,True,,1.4,1.403441
2973,000000344621.jpg,1776419584.5291018,True,,1.29,1.300459
2974,000000344795.jpg,1776419585.8296487,True,,1.29,1.296775
2975,000000344816.jpg,1776419587.1265063,True,,1.69,1.698584
2976,000000344888.jpg,1776419588.8251731,True,,1.69,1.702347
2977,000000344909.jpg,1776419590.5276084,True,,1.99,1.997458
2978,000000345027.jpg,1776419592.525154,True,,1.69,1.698048
2979,000000345252.jpg,1776419594.2232873,True,,1.9,1.90453
2980,000000345261.jpg,1776419596.1279306,True,,1.99,1.996781
2981,000000345356.jpg,1776419598.124799,True,,1.39,1.401372
2982,000000345361.jpg,1776419599.526257,True,,1.39,1.402031
2983,000000345385.jpg,1776419600.9283757,True,,1.69,1.697203
2984,000000345397.jpg,1776419602.625665,True,,1.89,1.902024
2985,000000345466.jpg,1776419604.5277867,True,,1.79,1.799546
2986,000000345469.jpg,1776419606.327422,True,,1.89,1.900809
2987,000000345941.jpg,1776419608.2283244,True,,2.29,2.29916
2988,000000346232.jpg,1776419610.5275774,True,,1.79,1.799522
2989,000000346638.jpg,1776419612.327186,True,,1.79,1.800813
2990,000000346703.jpg,1776419614.1280875,True,,2.39,2.401094
2991,000000346707.jpg,1776419616.529273,True,,1.69,1.698296
2992,000000346905.jpg,1776419618.2276564,True,,1.89,1.897106
2993,000000346968.jpg,1776419620.1248477,True,,1.89,1.901553
2994,000000347163.jpg,1776419622.026489,True,,1.89,1.896824
2995,000000347174.jpg,1776419623.9233956,True,,1.6,1.606644
2996,000000347254.jpg,1776419625.5301268,True,,1.9,1.995625
2997,000000347265.jpg,1776419627.5258393,True,,1.79,1.797658
2998,000000347335.jpg,1776419629.3235786,True,,1.8,1.803287
2999,000000347370.jpg,1776419631.1269658,True,,1.79,1.799662
3000,000000347456.jpg,1776419632.9267144,True,,1.49,1.497637
3001,000000347544.jpg,1776419634.424435,True,,1.89,1.90047
3002,000000347664.jpg,1776419636.3249912,True,,1.7,1.703977
3003,000000347693.jpg,1776419638.0290515,True,,1.69,1.70021
3004,000000347930.jpg,1776419639.7293496,True,,1.79,1.798061
3005,000000348012.jpg,1776419641.5274959,True,,1.69,1.699444
3006,000000348045.jpg,1776419643.2270248,True,,2.09,2.099694
3007,000000348216.jpg,1776419645.3268073,True,,1.99,2.001387
3008,000000348243.jpg,1776419647.3282802,True,,1.69,1.696268
3009,000000348481.jpg,1776419649.024632,True,,1.8,1.803714
3010,000000348488.jpg,1776419650.8284419,True,,1.79,1.798778
3011,000000348708.jpg,1776419652.627303,True,,1.49,1.49846
3012,000000348881.jpg,1776419654.1258476,True,,1.79,1.801484
3013,000000349152.jpg,1776419655.9274132,True,,1.79,1.799801
3014,000000349184.jpg,1776419657.7273004,True,,1.79,1.798145
3015,000000349302.jpg,1776419659.525526,True,,1.79,1.798964
3016,000000349480.jpg,1776419661.3245702,True,,2.0,2.003814
3017,000000349594.jpg,1776419663.328473,True,,2.19,2.198226
3018,000000349678.jpg,1776419665.526784,True,,1.79,1.800388
3019,000000349837.jpg,1776419667.327271,True,,1.89,1.896338
3020,000000349860.jpg,1776419669.2236915,True,,1.7,1.706014
3021,000000350002.jpg,1776419670.929788,True,,1.69,1.697466
3022,000000350003.jpg,1776419672.6273375,True,,1.79,1.800624
3023,000000350019.jpg,1776419674.4280424,True,,1.89,1.896362
3024,000000350023.jpg,1776419676.324487,True,,1.9,1.903973
3025,000000350054.jpg,1776419678.2285569,True,,1.99,2.002373
3026,000000350122.jpg,1776419680.2310138,True,,1.89,1.897035
3027,000000350148.jpg,1776419682.1281455,True,,1.99,1.996275
3028,000000350388.jpg,1776419684.1245065,True,,1.8,1.803448
3029,000000350405.jpg,1776419685.9280438,True,,1.79,1.796878
3030,000000350488.jpg,1776419687.725019,True,,1.79,1.802377
3031,000000350607.jpg,1776419689.5274844,True,,1.79,1.800403
3032,000000350679.jpg,1776419691.3279908,True,,1.79,1.795819
3033,000000350833.jpg,1776419693.1238968,True,,1.69,1.701968
3034,000000351096.jpg,1776419694.8259912,True,,1.59,1.598837
3035,000000351331.jpg,1776419696.4249282,True,,1.79,1.801841
3036,000000351362.jpg,1776419698.2268622,True,,1.79,1.799537
3037,000000351530.jpg,1776419700.0264912,True,,1.59,1.601987
3038,000000351559.jpg,1776419701.6285753,True,,1.51,1.694411
3039,000000351589.jpg,1776419703.3230677,True,,1.7,1.704345
3040,000000351609.jpg,1776419705.0274978,True,,1.49,1.496431
3041,000000351810.jpg,1776419706.5240154,True,,1.89,1.90118
3042,000000351823.jpg,1776419708.4252834,True,,1.99,2.001786
3043,000000352491.jpg,1776419710.4271548,True,,1.79,1.79789
3044,000000352582.jpg,1776419712.2251313,True,,1.79,1.802287
3045,000000352584.jpg,1776419714.027508,True,,1.89,1.89779
3046,000000352618.jpg,1776419715.9253874,True,,1.39,1.399523
3047,000000352684.jpg,1776419717.324995,True,,1.3,1.304862
3048,000000352760.jpg,1776419718.6299624,True,,1.59,1.594457
3049,000000352900.jpg,1776419720.2245061,True,,1.39,1.400789
3050,000000353027.jpg,1776419721.6253822,True,,1.79,1.801362
3051,000000353051.jpg,1776419723.4268322,True,,1.79,1.79935
3052,000000353096.jpg,1776419725.2262678,True,,1.79,1.800952
3053,000000353180.jpg,1776419727.027305,True,,1.69,1.699564
3054,000000353518.jpg,1776419728.726971,True,,1.59,1.599607
3055,000000353970.jpg,1776419730.3266652,True,,1.39,1.396703
3056,000000354072.jpg,1776419731.7234511,True,,1.6,1.603831
3057,000000354307.jpg,1776419733.3273754,True,,1.89,1.897809
3058,000000354547.jpg,1776419735.2252722,True,,1.39,1.400148
3059,000000354753.jpg,1776419736.625508,True,,1.9,1.902781
3060,000000354829.jpg,1776419738.5283773,True,,1.59,1.594824
3061,000000355169.jpg,1776419740.1232862,True,,1.7,1.706266
3062,000000355240.jpg,1776419741.829637,True,,1.59,1.598807
3063,000000355257.jpg,1776419743.4285297,True,,1.79,1.798187
3064,000000355325.jpg,1776419745.2268102,True,,1.89,1.897274
3065,000000355610.jpg,1776419747.1241632,True,,1.39,1.401891
3066,000000355677.jpg,1776419748.52614,True,,1.89,1.901875
3067,000000355817.jpg,1776419750.4281065,True,,1.79,1.801762
3068,000000355905.jpg,1776419752.2299695,True,,1.79,1.797518
3069,000000356094.jpg,1776419754.0275753,True,,1.59,1.596413
3070,000000356125.jpg,1776419755.62407,True,,1.89,1.901532
3071,000000356169.jpg,1776419757.5256891,True,,1.39,1.401172
3072,000000356248.jpg,1776419758.9269664,True,,1.39,1.3979
3073,000000356261.jpg,1776419760.3249648,True,,1.49,1.50081
3074,000000356347.jpg,1776419761.825857,True,,1.89,1.898441
3075,000000356387.jpg,1776419763.7243829,True,,1.79,1.80156
3076,000000356424.jpg,1776419765.526032,True,,1.49,1.497924
3077,000000356427.jpg,1776419767.0240405,True,,1.49,1.502549
3078,000000356428.jpg,1776419768.5266707,True,,1.69,1.700199
3079,000000356432.jpg,1776419770.2269754,True,,1.69,1.700356
3080,000000356498.jpg,1776419771.9274175,True,,1.89,1.896817
3081,000000356505.jpg,1776419773.8243208,True,,1.49,1.501522
3082,000000356531.jpg,1776419775.325943,True,,1.39,1.402115
3083,000000356612.jpg,1776419776.7281508,True,,1.69,1.701726
3084,000000356968.jpg,1776419778.429981,True,,1.89,1.895769
3085,000000357060.jpg,1776419780.325853,True,,1.3,1.302547
3086,000000357081.jpg,1776419781.6284904,True,,1.39,1.39518
3087,000000357238.jpg,1776419783.023755,True,,1.29,1.30155
3088,000000357430.jpg,1776419784.3253884,True,,1.79,1.801094
3089,000000357459.jpg,1776419786.126571,True,,1.79,1.8006
3090,000000357501.jpg,1776419787.9272547,True,,1.39,1.397681
3091,000000357567.jpg,1776419789.3250213,True,,1.39,1.398441
3092,000000357737.jpg,1776419790.7235448,True,,1.5,1.504258
3093,000000357742.jpg,1776419792.227886,True,,1.69,1.696546
3094,000000357748.jpg,1776419793.9245203,True,,1.89,1.902506
3095,000000357816.jpg,1776419795.8271086,True,,1.99,1.999023
3096,000000357888.jpg,1776419797.8262193,True,,1.49,1.49757
3097,000000357903.jpg,1776419799.3238766,True,,1.49,1.501197
3098,000000357941.jpg,1776419800.8251634,True,,1.9,1.902951
3099,000000357978.jpg,1776419802.728201,True,,1.99,1.999777
3100,000000358195.jpg,1776419804.728065,True,,2.09,2.098324
3101,000000358427.jpg,1776419806.8264716,True,,1.89,1.90155
3102,000000358525.jpg,1776419808.7281091,True,,2.09,2.097193
3103,000000358923.jpg,1776419810.825391,True,,1.89,1.901276
3104,000000359135.jpg,1776419812.7267556,True,,1.79,1.798253
3105,000000359219.jpg,1776419814.5250962,True,,1.89,1.902434
3106,000000359540.jpg,1776419816.427618,True,,1.79,1.895236
3107,000000359677.jpg,1776419818.322949,True,,1.69,1.70144
3108,000000359781.jpg,1776419820.0244727,True,,2.0,2.005163
3109,000000359833.jpg,1776419822.0297234,True,,2.09,2.097754
3110,000000359855.jpg,1776419824.1275606,True,,1.99,1.996808
3111,000000359937.jpg,1776419826.124452,True,,1.8,1.803503
3112,000000360097.jpg,1776419827.9280415,True,,1.79,1.798752
3113,000000360137.jpg,1776419829.726879,True,,2.39,2.39864
3114,000000360325.jpg,1776419832.125614,True,,1.99,1.999495
3115,000000360393.jpg,1776419834.1251929,True,,1.89,1.900542
3116,000000360564.jpg,1776419836.0258245,True,,1.89,1.90072
3117,000000360661.jpg,1776419837.9266331,True,,1.99,1.999101
3118,000000360943.jpg,1776419839.9258204,True,,2.1,2.102901
3119,000000360951.jpg,1776419842.0288098,True,,1.89,1.899926
3120,000000360960.jpg,1776419843.9288218,True,,1.79,1.802092
3121,000000361103.jpg,1776419845.7309976,True,,1.7,1.795912
3122,000000361142.jpg,1776419847.5270004,True,,1.49,1.498251
3123,000000361147.jpg,1776419849.0253386,True,,1.39,1.400359
3124,000000361180.jpg,1776419850.4257834,True,,1.39,1.400178
3125,000000361238.jpg,1776419851.8260467,True,,1.49,1.500618
3126,000000361268.jpg,1776419853.3267572,True,,1.69,1.700819
3127,000000361506.jpg,1776419855.027663,True,,1.99,1.999648
3128,000000361551.jpg,1776419857.027394,True,,1.99,1.997181
3129,000000361571.jpg,1776419859.0246572,True,,1.79,1.802475
3130,000000361586.jpg,1776419860.8272185,True,,1.69,1.698547
3131,000000361621.jpg,1776419862.525849,True,,1.99,1.998822
3132,000000361730.jpg,1776419864.524751,True,,1.7,1.79802
3133,000000361919.jpg,1776419866.3228562,True,,1.7,1.704535
3134,000000362434.jpg,1776419868.0274785,True,,1.99,2.001796
3135,000000362520.jpg,1776419870.02936,True,,1.89,1.894708
3136,000000362682.jpg,1776419871.924156,True,,1.8,1.802858
3137,000000362716.jpg,1776419873.7270951,True,,1.8,1.802756
3138,000000363072.jpg,1776419875.5299516,True,,2.49,2.496508
3139,000000363188.jpg,1776419878.0265465,True,,1.79,1.800153
3140,000000363207.jpg,1776419879.8267832,True,,1.89,1.902043
3141,000000363461.jpg,1776419881.728941,True,,1.99,1.99574
3142,000000363666.jpg,1776419883.7247639,True,,1.89,1.898581
3143,000000363784.jpg,1776419885.623425,True,,1.7,1.70354
3144,000000363840.jpg,1776419887.3270507,True,,1.89,1.900224
3145,000000363875.jpg,1776419889.2273612,True,,2.29,2.298507
3146,000000364102.jpg,1776419891.5259752,True,,1.79,1.801421
3147,000000364126.jpg,1776419893.3274837,True,,1.59,1.599564
3148,000000364166.jpg,1776419894.9271393,True,,1.49,1.498716
3149,000000364297.jpg,1776419896.4259584,True,,1.39,1.401747
3150,000000364322.jpg,1776419897.8277953,True,,2.09,2.097134
3151,000000364557.jpg,1776419899.925011,True,,1.7,1.704615
3152,000000364587.jpg,1776419901.629725,True,,1.9,1.994876
3153,000000364636.jpg,1776419903.624693,True,,2.39,2.398518
3154,000000364884.jpg,1776419906.0232933,True,,1.79,1.80165
3155,000000365095.jpg,1776419907.8250337,True,,1.99,2.001259
3156,000000365098.jpg,1776419909.826377,True,,1.89,1.899432
3157,000000365207.jpg,1776419911.7259145,True,,2.39,2.40147
3158,000000365208.jpg,1776419914.1274755,True,,2.29,2.298022
3159,000000365385.jpg,1776419916.4255838,True,,1.39,1.401214
3160,000000365387.jpg,1776419917.8268924,True,,1.39,1.396631
3161,000000365521.jpg,1776419919.2236166,True,,1.8,1.804049
3162,000000365642.jpg,1776419921.0277495,True,,1.59,1.598417
3163,000000365655.jpg,1776419922.6262546,True,,1.6,1.603728
3164,000000365745.jpg,1776419924.2300713,True,,1.7,1.795215
3165,000000365766.jpg,1776419926.025369,True,,1.99,1.99941
3166,000000365886.jpg,1776419928.0248623,True,,1.99,1.999501
3167,000000366141.jpg,1776419930.0244436,True,,1.99,2.001265
3168,000000366178.jpg,1776419932.025794,True,,1.99,1.998817
3169,000000366199.jpg,1776419934.0246973,True,,1.89,1.900428
3170,000000366225.jpg,1776419935.9252076,True,,2.19,2.201337
3171,000000366611.jpg,1776419938.1266313,True,,1.99,1.999319
3172,000000366711.jpg,1776419940.126037,True,,1.99,1.997326
3173,000000366884.jpg,1776419942.1234453,True,,1.8,1.805971
3174,000000367082.jpg,1776419943.9295073,True,,2.59,2.598402
3175,000000367095.jpg,1776419946.527997,True,,1.99,1.996794
3176,000000367195.jpg,1776419948.5248768,True,,1.69,1.699552
3177,000000367228.jpg,1776419950.2245107,True,,1.8,1.802951
3178,000000367386.jpg,1776419952.0275505,True,,1.99,1.997976
3179,000000367569.jpg,1776419954.025612,True,,2.0,2.002825
3180,000000367680.jpg,1776419956.028525,True,,1.99,1.996262
3181,000000367818.jpg,1776419958.0248713,True,,1.79,1.802725
3182,000000368038.jpg,1776419959.8277092,True,,1.39,1.40256
3183,000000368212.jpg,1776419961.2303557,True,,1.79,1.79782
3184,000000368294.jpg,1776419963.0282605,True,,1.39,1.401548
3185,000000368335.jpg,1776419964.4299214,True,,1.39,1.394472
3186,000000368456.jpg,1776419965.8244796,True,,1.99,2.000324
3187,000000368684.jpg,1776419967.8248858,True,,1.99,1.999843
3188,000000368752.jpg,1776419969.82482,True,,1.79,1.801889
3189,000000368900.jpg,1776419971.626793,True,,1.89,1.899729
3190,000000368940.jpg,1776419973.5266037,True,,1.89,1.900844
3191,000000368961.jpg,1776419975.4275315,True,,1.89,1.898991
3192,000000368982.jpg,1776419977.326605,True,,1.79,1.800755
3193,000000369037.jpg,1776419979.1274517,True,,1.79,1.796515
3194,000000369081.jpg,1776419980.924044,True,,1.8,1.802729
3195,000000369310.jpg,1776419982.7268567,True,,1.59,1.60174
3196,000000369323.jpg,1776419984.3286896,True,,1.89,1.900165
3197,000000369370.jpg,1776419986.2289474,True,,1.89,1.898169
3198,000000369442.jpg,1776419988.1271996,True,,1.89,1.897516
3199,000000369503.jpg,1776419990.0247989,True,,1.89,1.902052
3200,000000369541.jpg,1776419991.9269466,True,,1.89,1.899873
3201,000000369675.jpg,1776419993.826924,True,,1.89,1.900407
3202,000000369751.jpg,1776419995.7274194,True,,1.89,1.899607
3203,000000369757.jpg,1776419997.627114,True,,1.99,1.998637
3204,000000369771.jpg,1776419999.625839,True,,1.99,2.001696
3205,000000369812.jpg,1776420001.6276207,True,,2.69,2.699682
3206,000000370042.jpg,1776420004.3273892,True,,1.69,1.696561
3207,000000370208.jpg,1776420006.0240412,True,,2.0,2.00394
3208,000000370270.jpg,1776420008.0280676,True,,1.99,2.000158
3209,000000370375.jpg,1776420010.028315,True,,1.59,1.596393
3210,000000370478.jpg,1776420011.6247933,True,,1.5,1.503253
3211,000000370486.jpg,1776420013.1281323,True,,1.79,1.799484
3212,000000370677.jpg,1776420014.927705,True,,1.59,1.597558
3213,000000370711.jpg,1776420016.5253482,True,,1.89,1.902483
3214,000000370813.jpg,1776420018.4279332,True,,1.99,2.001344
3215,000000370818.jpg,1776420020.4293652,True,,1.99,1.998134
3216,000000370900.jpg,1776420022.4275866,True,,1.99,1.996976
3217,000000370999.jpg,1776420024.424649,True,,2.09,2.100356
3218,000000371042.jpg,1776420026.5250912,True,,1.89,1.900531
3219,000000371472.jpg,1776420028.4257238,True,,1.89,1.899087
3220,000000371529.jpg,1776420030.3248973,True,,2.29,2.300604
3221,000000371552.jpg,1776420032.6256006,True,,1.89,1.901543
3222,000000371677.jpg,1776420034.527227,True,,1.59,1.597658
3223,000000371699.jpg,1776420036.1249883,True,,1.39,1.402107
3224,000000371749.jpg,1776420037.5271823,True,,1.49,1.498481
3225,000000372203.jpg,1776420039.0257483,True,,1.19,1.200508
3226,000000372260.jpg,1776420040.22634,True,,1.99,1.998138
3227,000000372307.jpg,1776420042.224563,True,,1.8,1.804954
3228,000000372317.jpg,1776420044.0296068,True,,1.8,1.897674
3229,000000372349.jpg,1776420045.927362,True,,1.59,1.598381
3230,000000372466.jpg,1776420047.525833,True,,1.19,1.201925
3231,000000372577.jpg,1776420048.7278419,True,,1.89,1.896276
3232,000000372718.jpg,1776420050.6241946,True,,2.4,2.403145
3233,000000372819.jpg,1776420053.0274239,True,,1.79,1.800116
3234,000000373315.jpg,1776420054.8276234,True,,1.99,2.000031
3235,000000373353.jpg,1776420056.8277438,True,,1.99,1.995866
3236,000000373382.jpg,1776420058.8236988,True,,1.59,1.599781
3237,000000373705.jpg,1776420060.4235585,True,,1.7,1.703248
3238,000000374052.jpg,1776420062.1268907,True,,1.89,1.899935
3239,000000374083.jpg,1776420064.0269425,True,,1.99,1.998009
3240,000000374369.jpg,1776420066.0250416,True,,1.99,1.999556
3241,000000374545.jpg,1776420068.0246842,True,,2.29,2.301656
3242,000000374551.jpg,1776420070.3264318,True,,1.59,1.600131
3243,000000374727.jpg,1776420071.926649,True,,1.99,1.997783
3244,000000374982.jpg,1776420073.924512,True,,2.0,2.003977
3245,000000375015.jpg,1776420075.9285738,True,,1.69,1.697842
3246,000000375078.jpg,1776420077.6265006,True,,1.49,1.501522
3247,000000375278.jpg,1776420079.128117,True,,1.89,1.900002
3248,000000375430.jpg,1776420081.0282085,True,,1.89,1.898221
3249,000000375469.jpg,1776420082.926516,True,,0.89,0.898697
3250,000000375493.jpg,1776420083.8253012,True,,1.89,1.902038
3251,000000375763.jpg,1776420085.7274299,True,,1.49,1.501805
3252,000000376093.jpg,1776420087.2293308,True,,1.89,1.895316
3253,000000376112.jpg,1776420089.1247342,True,,1.39,1.400825
3254,000000376206.jpg,1776420090.5256467,True,,1.59,1.597843
3255,000000376264.jpg,1776420092.1235766,True,,2.19,2.20102
3256,000000376278.jpg,1776420094.3246849,True,,1.8,1.805231
3257,000000376284.jpg,1776420096.1300073,True,,1.79,1.892796
3258,000000376307.jpg,1776420098.022886,True,,1.8,1.804774
3259,000000376310.jpg,1776420099.8277428,True,,1.89,1.902873
3260,000000376322.jpg,1776420101.7307231,True,,1.98,1.992769
3261,000000376365.jpg,1776420103.7235737,True,,1.8,1.804728
3262,000000376442.jpg,1776420105.528403,True,,1.89,1.899035
3263,000000376478.jpg,1776420107.4275265,True,,1.89,1.899759
3264,000000376625.jpg,1776420109.3273704,True,,1.79,1.802069
3265,000000376856.jpg,1776420111.1295285,True,,1.89,1.897979
3266,000000376900.jpg,1776420113.0275931,True,,1.89,1.899616
3267,000000377000.jpg,1776420114.9272969,True,,2.29,2.29977
3268,000000377113.jpg,1776420117.22715,True,,1.89,1.900868
3269,000000377239.jpg,1776420119.1281037,True,,1.99,1.997073
3270,000000377368.jpg,1776420121.1252596,True,,2.29,2.300538
3271,000000377393.jpg,1776420123.425882,True,,2.09,2.099242
3272,000000377486.jpg,1776420125.5252078,True,,1.79,1.802002
3273,000000377497.jpg,1776420127.327292,True,,1.79,1.799063
3274,000000377575.jpg,1776420129.1264422,True,,1.79,1.799299
3275,000000377588.jpg,1776420130.925824,True,,1.79,1.801298
3276,000000377635.jpg,1776420132.7272103,True,,1.79,1.797616
3277,000000377670.jpg,1776420134.5249257,True,,1.9,1.903427
3278,000000377723.jpg,1776420136.4284384,True,,1.69,1.701239
3279,000000377814.jpg,1776420138.129767,True,,1.79,1.798038
3280,000000377882.jpg,1776420139.9279196,True,,1.89,1.898026
3281,000000377946.jpg,1776420141.8260388,True,,1.69,1.701809
3282,000000378099.jpg,1776420143.5279608,True,,1.39,1.398786
3283,000000378116.jpg,1776420144.9268353,True,,1.69,1.697932
3284,000000378139.jpg,1776420146.6248512,True,,1.39,1.399148
3285,000000378244.jpg,1776420148.024094,True,,1.4,1.403234
3286,000000378284.jpg,1776420149.4274154,True,,1.39,1.400456
3287,000000378453.jpg,1776420150.8279731,True,,1.59,1.59924
3288,000000378454.jpg,1776420152.4273052,True,,1.99,1.996602
3289,000000378515.jpg,1776420154.4239936,True,,1.89,1.900651
3290,000000378605.jpg,1776420156.3247223,True,,1.8,1.803053
3291,000000378673.jpg,1776420158.127865,True,,1.89,1.900318
3292,000000378873.jpg,1776420160.0282671,True,,1.89,1.899419
3293,000000379332.jpg,1776420161.927774,True,,1.89,1.89868
3294,000000379441.jpg,1776420163.8265376,True,,2.09,2.098412
3295,000000379453.jpg,1776420165.925032,True,,2.49,2.502471
3296,000000379476.jpg,1776420168.4275885,True,,2.09,2.099327
3297,000000379533.jpg,1776420170.5270045,True,,2.09,2.098088
3298,000000379800.jpg,1776420172.625179,True,,2.19,2.200144
3299,000000379842.jpg,1776420174.8254075,True,,1.59,1.601114
3300,000000380203.jpg,1776420176.426613,True,,1.79,1.800371
3301,000000380706.jpg,1776420178.2270715,True,,1.99,1.998399
3302,000000380711.jpg,1776420180.225561,True,,2.59,2.601708
3303,000000380913.jpg,1776420182.8273551,True,,1.89,1.899597
3304,000000381360.jpg,1776420184.7270372,True,,1.9,1.903923
3305,000000381587.jpg,1776420186.6310446,True,,1.89,1.899194
3306,000000381639.jpg,1776420188.53033,True,,1.9,1.998355
3307,000000381971.jpg,1776420190.5287712,True,,1.39,1.399681
3308,000000382009.jpg,1776420191.928538,True,,1.39,1.398093
3309,000000382030.jpg,1776420193.326721,True,,1.99,1.99829
3310,000000382088.jpg,1776420195.325095,True,,1.79,1.799973
3311,000000382111.jpg,1776420197.125155,True,,1.39,1.399412
3312,000000382122.jpg,1776420198.5246572,True,,1.3,1.398374
3313,000000382125.jpg,1776420199.9231136,True,,1.89,1.901949
3314,000000382696.jpg,1776420201.8251483,True,,1.99,2.00083
3315,000000382734.jpg,1776420203.826058,True,,1.99,2.00265
3316,000000382743.jpg,1776420205.8288,True,,2.19,2.196004
3317,000000383289.jpg,1776420208.0248969,True,,1.7,1.705973
3318,000000383337.jpg,1776420209.7309868,True,,1.49,1.49737
3319,000000383339.jpg,1776420211.2284448,True,,1.39,1.400782
3320,000000383384.jpg,1776420212.6293204,True,,1.49,1.49861
3321,000000383386.jpg,1776420214.1280172,True,,1.99,1.999946
3322,000000383443.jpg,1776420216.1280527,True,,1.79,1.79844
3323,000000383606.jpg,1776420217.9265788,True,,1.79,1.801299
3324,000000383621.jpg,1776420219.7279813,True,,1.99,1.99758
3325,000000383676.jpg,1776420221.725662,True,,1.89,1.901222
3326,000000383838.jpg,1776420223.6269846,True,,2.19,2.197928
3327,000000383842.jpg,1776420225.8250017,True,,1.99,1.999455
3328,000000383921.jpg,1776420227.8245444,True,,2.0,2.003805
3329,000000384136.jpg,1776420229.8284392,True,,1.79,1.798947
3330,000000384350.jpg,1776420231.6274757,True,,2.0,2.003153
3331,000000384468.jpg,1776420233.6307185,True,,1.89,1.897043
3332,000000384513.jpg,1776420235.5278504,True,,1.79,1.798843
3333,000000384527.jpg,1776420237.3267882,True,,1.99,2.001366
3334,000000384616.jpg,1776420239.3282485,True,,1.79,1.798489
3335,000000384651.jpg,1776420241.1268258,True,,1.79,1.800246
3336,000000384661.jpg,1776420242.92716,True,,2.09,2.097652
3337,000000384666.jpg,1776420245.0249119,True,,1.99,1.999335
3338,000000384670.jpg,1776420247.0243359,True,,1.99,1.999547
3339,000000384808.jpg,1776420249.023974,True,,1.9,1.903524
3340,000000384850.jpg,1776420250.9275799,True,,1.99,2.000573
3341,000000384949.jpg,1776420252.9282396,True,,1.99,1.997024
3342,000000385029.jpg,1776420254.9253554,True,,1.89,1.901255
3343,000000385190.jpg,1776420256.8266935,True,,1.69,1.701072
3344,000000385205.jpg,1776420258.5278633,True,,1.49,1.498449
3345,000000385719.jpg,1776420260.0263956,True,,1.3,1.396596
3346,000000385997.jpg,1776420261.423081,True,,1.79,1.802649
3347,000000386134.jpg,1776420263.2258139,True,,2.19,2.202409
3348,000000386210.jpg,1776420265.428309,True,,1.99,1.996944
3349,000000386277.jpg,1776420267.4253395,True,,1.7,1.704875
3350,000000386352.jpg,1776420269.130348,True,,1.89,1.897558
3351,000000386457.jpg,1776420271.0279946,True,,1.79,1.796606
3352,000000386879.jpg,1776420272.8246932,True,,1.79,1.801811
3353,000000386912.jpg,1776420274.626594,True,,1.89,1.902464
3354,000000387098.jpg,1776420276.529142,True,,1.89,1.898063
3355,000000387148.jpg,1776420278.4273007,True,,1.79,1.79906
3356,000000387383.jpg,1776420280.2264538,True,,1.89,1.900814
3357,000000387387.jpg,1776420282.1273577,True,,1.89,1.899004
3358,000000387916.jpg,1776420284.0264478,True,,1.79,1.797638
3359,000000388056.jpg,1776420285.8241696,True,,1.7,1.705788
3360,000000388215.jpg,1776420287.530041,True,,1.79,1.798196
3361,000000388258.jpg,1776420289.3283298,True,,1.99,1.996799
3362,000000388846.jpg,1776420291.325214,True,,1.8,1.897846
3363,000000388903.jpg,1776420293.2231421,True,,1.69,1.702452
3364,000000388927.jpg,1776420294.9256809,True,,1.89,1.900913
3365,000000389109.jpg,1776420296.8266861,True,,1.79,1.797954
3366,000000389197.jpg,1776420298.6247246,True,,1.79,1.799522
3367,000000389315.jpg,1776420300.4243345,True,,2.49,2.502428
3368,000000389316.jpg,1776420302.9268484,True,,1.69,1.697643
3369,000000389381.jpg,1776420304.6245801,True,,1.59,1.601794
3370,000000389451.jpg,1776420306.2264621,True,,1.4,1.404246
3371,000000389532.jpg,1776420307.6307936,True,,1.8,1.895982
3372,000000389566.jpg,1776420309.526862,True,,1.89,1.900402
3373,000000389684.jpg,1776420311.42735,True,,1.79,1.800136
3374,000000389804.jpg,1776420313.227574,True,,1.39,1.396221
3375,000000389812.jpg,1776420314.6238787,True,,1.89,1.901198
3376,000000389933.jpg,1776420316.525164,True,,1.99,2.000127
3377,000000390246.jpg,1776420318.5253801,True,,1.99,1.998933
3378,000000390301.jpg,1776420320.5243983,True,,1.9,1.998546
3379,000000390555.jpg,1776420322.523027,True,,1.7,1.703592
3380,000000390826.jpg,1776420324.226703,True,,1.99,1.99912
3381,000000390902.jpg,1776420326.2259226,True,,1.79,1.798481
3382,000000391140.jpg,1776420328.0244892,True,,1.9,1.903451
3383,000000391144.jpg,1776420329.9280243,True,,1.99,1.99538
3384,000000391290.jpg,1776420331.923484,True,,1.7,1.706017
3385,000000391375.jpg,1776420333.6295905,True,,1.9,1.998441
3386,000000391648.jpg,1776420335.6281211,True,,1.99,1.99964
3387,000000391722.jpg,1776420337.6278462,True,,2.29,2.298266
3388,000000392228.jpg,1776420339.9261994,True,,1.79,1.799496
3389,000000392481.jpg,1776420341.7257884,True,,1.89,1.901257
3390,000000392722.jpg,1776420343.6271331,True,,1.79,1.800041
3391,000000392818.jpg,1776420345.42726,True,,2.29,2.298987
3392,000000392933.jpg,1776420347.726329,True,,1.49,1.5001
3393,000000393014.jpg,1776420349.2265108,True,,1.69,1.701135
3394,000000393056.jpg,1776420350.927734,True,,1.79,1.800206
3395,000000393093.jpg,1776420352.7280257,True,,1.79,1.797313
3396,000000393115.jpg,1776420354.5254226,True,,2.49,2.502122
3397,000000393226.jpg,1776420357.0276322,True,,1.99,1.997359
3398,000000393282.jpg,1776420359.0250728,True,,2.5,2.50284
3399,000000393469.jpg,1776420361.5279984,True,,1.89,1.899561
3400,000000393569.jpg,1776420363.4276493,True,,1.99,1.999562
3401,000000393838.jpg,1776420365.4272928,True,,1.79,1.799115
3402,000000394199.jpg,1776420367.2264953,True,,1.79,1.800944
3403,000000394206.jpg,1776420369.0275261,True,,1.89,1.899826
3404,000000394275.jpg,1776420370.9274347,True,,1.69,1.699607
3405,000000394328.jpg,1776420372.62713,True,,1.99,1.997405
3406,000000394510.jpg,1776420374.6246214,True,,1.89,1.899408
3407,000000394559.jpg,1776420376.5241249,True,,1.39,1.400729
3408,000000394611.jpg,1776420377.924962,True,,1.39,1.402617
3409,000000394677.jpg,1776420379.3276672,True,,1.49,1.498285
3410,000000394940.jpg,1776420380.8260386,True,,1.69,1.700972
3411,000000395180.jpg,1776420382.527095,True,,1.79,1.7999
3412,000000395343.jpg,1776420384.327081,True,,2.09,2.097396
3413,000000395388.jpg,1776420386.4245603,True,,1.99,2.000573
3414,000000395575.jpg,1776420388.4252212,True,,1.69,1.702069
3415,000000395633.jpg,1776420390.1274004,True,,1.89,1.900907
3416,000000395701.jpg,1776420392.0283978,True,,1.89,1.898181
3417,000000395801.jpg,1776420393.9266677,True,,1.99,2.001381
3418,000000395903.jpg,1776420395.9281385,True,,1.59,1.602472
3419,000000396200.jpg,1776420397.5307083,True,,1.79,1.796684
3420,000000396205.jpg,1776420399.3274796,True,,1.79,1.799306
3421,000000396274.jpg,1776420401.1268716,True,,1.99,1.99757
3422,000000396338.jpg,1776420403.124526,True,,1.89,1.900035
3423,000000396518.jpg,1776420405.0246444,True,,2.0,2.004072
3424,000000396526.jpg,1776420407.0288036,True,,1.79,1.798787
3425,000000396568.jpg,1776420408.8276956,True,,1.79,1.798742
3426,000000396580.jpg,1776420410.6265235,True,,1.79,1.80003
3427,000000396729.jpg,1776420412.4266434,True,,1.89,1.901402
3428,000000396863.jpg,1776420414.3281462,True,,1.79,1.894914
3429,000000396903.jpg,1776420416.2231429,True,,1.89,1.901828
3430,000000397133.jpg,1776420418.1250663,True,,1.9,1.902704
3431,000000397279.jpg,1776420420.027862,True,,1.99,1.996575
3432,000000397303.jpg,1776420422.0245237,True,,1.99,2.001379
3433,000000397327.jpg,1776420424.0259893,True,,1.89,1.901452
3434,000000397351.jpg,1776420425.9275262,True,,1.89,1.900204
3435,000000397354.jpg,1776420427.8278115,True,,1.99,1.996801
3436,000000397639.jpg,1776420429.8246953,True,,1.99,2.000958
3437,000000397681.jpg,1776420431.8257387,True,,2.39,2.400943
3438,000000398028.jpg,1776420434.2267666,True,,1.79,1.799823
3439,000000398203.jpg,1776420436.0266762,True,,1.59,1.598002
3440,000000398237.jpg,1776420437.6247659,True,,1.4,1.403085
3441,000000398377.jpg,1776420439.0279546,True,,1.79,1.798826
3442,000000398438.jpg,1776420440.826867,True,,1.89,1.897621
3443,000000398652.jpg,1776420442.724569,True,,1.99,2.002196
3444,000000398742.jpg,1776420444.7268472,True,,1.99,1.997824
3445,000000398810.jpg,1776420446.7247524,True,,2.59,2.6022
3446,000000398905.jpg,1776420449.327034,True,,1.89,1.900199
3447,000000399205.jpg,1776420451.2273164,True,,1.99,1.997691
3448,000000399296.jpg,1776420453.2250867,True,,1.89,1.901455
3449,000000399462.jpg,1776420455.1266265,True,,1.79,1.800497
3450,000000399560.jpg,1776420456.9272113,True,,1.79,1.802601
3451,000000399655.jpg,1776420458.7299132,True,,1.89,1.897497
3452,000000399764.jpg,1776420460.6275,True,,1.89,1.899833
3453,000000400044.jpg,1776420462.5274212,True,,1.99,1.998546
3454,000000400082.jpg,1776420464.5260546,True,,1.59,1.600228
3455,000000400161.jpg,1776420466.126366,True,,1.89,1.901902
3456,000000400367.jpg,1776420468.0283597,True,,1.89,1.89873
3457,000000400573.jpg,1776420469.9271848,True,,1.99,1.996766
3458,000000400794.jpg,1776420471.924039,True,,1.8,1.802905
3459,000000400803.jpg,1776420473.7270339,True,,1.79,1.799387
3460,000000400815.jpg,1776420475.526504,True,,1.79,1.797477
3461,000000400922.jpg,1776420477.3240685,True,,1.99,2.001399
3462,000000401244.jpg,1776420479.325551,True,,1.69,1.699164
3463,000000401250.jpg,1776420481.024802,True,,1.3,1.305578
3464,000000401446.jpg,1776420482.3304665,True,,1.99,1.99756
3465,000000401862.jpg,1776420484.3281198,True,,1.79,1.796858
3466,000000401991.jpg,1776420486.1250618,True,,1.19,1.19806
3467,000000402096.jpg,1776420487.3232062,True,,1.8,1.804209
3468,000000402118.jpg,1776420489.127505,True,,1.59,1.695371
3469,000000402334.jpg,1776420490.8229697,True,,1.49,1.501458
3470,000000402346.jpg,1776420492.3245144,True,,1.9,1.90284
3471,000000402433.jpg,1776420494.2274427,True,,1.79,1.7995
3472,000000402473.jpg,1776420496.027033,True,,1.89,1.901277
3473,000000402519.jpg,1776420497.9284086,True,,1.89,1.89623
3474,000000402615.jpg,1776420499.824727,True,,1.9,1.907145
3475,000000402720.jpg,1776420501.731994,True,,2.49,2.494413
3476,000000402765.jpg,1776420504.2264988,True,,1.79,1.801675
3477,000000402774.jpg,1776420506.0282578,True,,1.89,1.894909
3478,000000402783.jpg,1776420507.923248,True,,1.4,1.407427
3479,000000402992.jpg,1776420509.3307595,True,,1.39,1.39973
3480,000000403122.jpg,1776420510.7305741,True,,1.59,1.593997
3481,000000403353.jpg,1776420512.3246617,True,,1.9,1.903443
3482,000000403385.jpg,1776420514.2282062,True,,1.59,1.598015
3483,000000403565.jpg,1776420515.8263106,True,,1.3,1.302794
3484,000000403584.jpg,1776420517.1291926,True,,2.49,2.498209
3485,000000403817.jpg,1776420519.6274898,True,,1.89,1.899933
3486,000000404128.jpg,1776420521.527518,True,,1.79,1.799402
3487,000000404191.jpg,1776420523.3270109,True,,1.89,1.900763
3488,000000404249.jpg,1776420525.2278607,True,,1.79,1.798603
3489,000000404479.jpg,1776420527.0265481,True,,1.79,1.799968
3490,000000404484.jpg,1776420528.8265996,True,,1.99,2.001636
3491,000000404534.jpg,1776420530.828318,True,,1.9,1.99697
3492,000000404568.jpg,1776420532.8253777,True,,1.89,1.900922
3493,000000404601.jpg,1776420534.726387,True,,1.79,1.798054
3494,000000404678.jpg,1776420536.52453,True,,1.7,1.704323
3495,000000404805.jpg,1776420538.2289495,True,,1.79,1.797533
3496,000000404839.jpg,1776420540.026562,True,,1.79,1.799301
3497,000000404922.jpg,1776420541.8259656,True,,1.79,1.799613
3498,000000404923.jpg,1776420543.6256652,True,,1.49,1.498497
3499,000000405195.jpg,1776420545.124252,True,,1.4,1.403199
3500,000000405205.jpg,1776420546.5275388,True,,1.49,1.497011
3501,000000405249.jpg,1776420548.024639,True,,1.8,1.802961
3502,000000405279.jpg,1776420549.8276968,True,,1.99,1.998705
3503,000000405306.jpg,1776420551.826491,True,,1.89,1.900794
3504,000000405432.jpg,1776420553.7273753,True,,1.89,1.901772
3505,000000405691.jpg,1776420555.6292434,True,,1.89,1.898641
3506,000000405970.jpg,1776420557.5279922,True,,1.99,1.996589
3507,000000405972.jpg,1776420559.524668,True,,1.39,1.400935
3508,000000406129.jpg,1776420560.9256914,True,,1.79,1.801054
3509,000000406417.jpg,1776420562.7268407,True,,1.99,2.001587
3510,000000406570.jpg,1776420564.728512,True,,1.89,1.897517
3511,000000406611.jpg,1776420566.6261141,True,,1.89,1.901058
3512,000000406997.jpg,1776420568.5272589,True,,1.79,1.800251
3513,000000407002.jpg,1776420570.3276005,True,,1.99,2.000514
3514,000000407083.jpg,1776420572.3282008,True,,2.09,2.099553
3515,000000407298.jpg,1776420574.4278395,True,,1.69,1.701994
3516,000000407403.jpg,1776420576.1299362,True,,1.89,1.8959
3517,000000407518.jpg,1776420578.0259435,True,,1.49,1.501125
3518,000000407524.jpg,1776420579.5271595,True,,1.49,1.496289
3519,000000407574.jpg,1776420581.023529,True,,1.89,1.901326
3520,000000407614.jpg,1776420582.9249527,True,,1.79,1.80179
3521,000000407646.jpg,1776420584.7268424,True,,1.99,1.997936
3522,000000407650.jpg,1776420586.7248666,True,,1.79,1.79935
3523,000000407825.jpg,1776420588.5242982,True,,2.49,2.502484
3524,000000407868.jpg,1776420591.0268657,True,,2.09,2.097981
3525,000000407943.jpg,1776420593.1249418,True,,1.89,1.90183
3526,000000407960.jpg,1776420595.0268512,True,,1.79,1.799256
3527,000000408112.jpg,1776420596.8261936,True,,1.89,1.90183
3528,000000408120.jpg,1776420598.7281091,True,,1.79,1.799796
3529,000000408696.jpg,1776420600.5279918,True,,1.99,1.99961
3530,000000408774.jpg,1776420602.5276885,True,,1.79,1.796768
3531,000000408830.jpg,1776420604.324542,True,,1.7,1.704669
3532,000000409198.jpg,1776420606.0292985,True,,1.69,1.699534
3533,000000409211.jpg,1776420607.7289336,True,,1.79,1.795036
3534,000000409268.jpg,1776420609.5240595,True,,2.0,2.00427
3535,000000409358.jpg,1776420611.5284176,True,,2.39,2.398263
3536,000000409424.jpg,1776420613.9267635,True,,1.79,1.800595
3537,000000409475.jpg,1776420615.727444,True,,1.79,1.799946
3538,000000409542.jpg,1776420617.5274768,True,,1.79,1.799128
3539,000000409630.jpg,1776420619.326692,True,,1.89,1.900883
3540,000000409867.jpg,1776420621.227702,True,,1.59,1.596017
3541,000000410221.jpg,1776420622.8238072,True,,1.79,1.801685
3542,000000410428.jpg,1776420624.6255777,True,,1.3,1.303299
3543,000000410456.jpg,1776420625.9289818,True,,1.69,1.695053
3544,000000410487.jpg,1776420627.6241217,True,,1.8,1.803578
3545,000000410496.jpg,1776420629.427789,True,,1.89,1.899677
3546,000000410510.jpg,1776420631.3275528,True,,1.89,1.896127
3547,000000410612.jpg,1776420633.223765,True,,1.5,1.505496
3548,000000410650.jpg,1776420634.7293463,True,,1.49,1.49985
3549,000000410712.jpg,1776420636.2292883,True,,1.69,1.701303
3550,000000410735.jpg,1776420637.9306774,True,,1.59,1.595952
3551,000000410878.jpg,1776420639.5267158,True,,1.59,1.60097
3552,000000410880.jpg,1776420641.127787,True,,1.89,1.900377
3553,000000410934.jpg,1776420643.0282528,True,,1.89,1.898306
3554,000000411530.jpg,1776420644.926645,True,,1.99,1.997063
3555,000000411665.jpg,1776420646.923787,True,,1.69,1.70056
3556,000000411754.jpg,1776420648.624428,True,,1.89,1.902303
3557,000000411774.jpg,1776420650.5268183,True,,1.99,1.9978
3558,000000411817.jpg,1776420652.5247102,True,,1.59,1.599024
3559,000000411938.jpg,1776420654.123814,True,,1.39,1.400863
3560,000000411953.jpg,1776420655.5247626,True,,1.49,1.499223
3561,000000412240.jpg,1776420657.0240705,True,,2.0,2.003873
3562,000000412286.jpg,1776420659.0280392,True,,1.49,1.498773
3563,000000412362.jpg,1776420660.52692,True,,1.79,1.799209
3564,000000412531.jpg,1776420662.3262181,True,,2.0,2.004815
3565,000000412887.jpg,1776420664.3311353,True,,1.99,1.995215
3566,000000412894.jpg,1776420666.3264413,True,,1.49,1.498104
3567,000000413247.jpg,1776420667.8246312,True,,1.9,1.902684
3568,000000413395.jpg,1776420669.7274034,True,,1.49,1.497809
3569,000000413404.jpg,1776420671.2253027,True,,1.79,1.801294
3570,000000413552.jpg,1776420673.026685,True,,1.39,1.401111
3571,000000413689.jpg,1776420674.4278815,True,,1.89,1.902493
3572,000000414034.jpg,1776420676.3304634,True,,1.99,1.997872
3573,000000414133.jpg,1776420678.328419,True,,1.49,1.499053
3574,000000414170.jpg,1776420679.8275588,True,,1.49,1.497146
3575,000000414261.jpg,1776420681.3247926,True,,1.8,1.898008
3576,000000414340.jpg,1776420683.2228882,True,,1.69,1.701968
3577,000000414385.jpg,1776420684.9249547,True,,1.9,1.902888
3578,000000414510.jpg,1776420686.8279424,True,,1.99,1.996994
3579,000000414638.jpg,1776420688.825019,True,,2.39,2.402193
3580,000000414673.jpg,1776420691.2272916,True,,1.89,1.897213
3581,000000414676.jpg,1776420693.1245823,True,,1.79,1.802131
3582,000000414795.jpg,1776420694.9267976,True,,1.79,1.800885
3583,000000415194.jpg,1776420696.7277718,True,,2.09,2.098372
3584,000000415238.jpg,1776420698.826226,True,,1.99,1.999594
3585,000000415536.jpg,1776420700.8259218,True,,1.99,1.998037
3586,000000415716.jpg,1776420702.8240428,True,,1.9,1.9038
3587,000000415727.jpg,1776420704.7279394,True,,1.89,1.899432
3588,000000415741.jpg,1776420706.627456,True,,1.59,1.598649
3589,000000415748.jpg,1776420708.226184,True,,1.79,1.799041
3590,000000415882.jpg,1776420710.0253036,True,,2.0,2.0039
3591,000000415990.jpg,1776420712.0292938,True,,1.89,1.894109
3592,000000416104.jpg,1776420713.9234805,True,,1.79,1.800089
3593,000000416170.jpg,1776420715.7236497,True,,1.8,1.803288
3594,000000416256.jpg,1776420717.5270183,True,,1.89,1.897505
3595,000000416269.jpg,1776420719.424604,True,,1.79,1.802336
3596,000000416330.jpg,1776420721.2270205,True,,1.89,1.90041
3597,000000416343.jpg,1776420723.127514,True,,1.59,1.600025
3598,000000416451.jpg,1776420724.727625,True,,1.89,1.899748
3599,000000416534.jpg,1776420726.627459,True,,1.69,1.696152
3600,000000416745.jpg,1776420728.3236914,True,,2.1,2.104234
3601,000000416758.jpg,1776420730.4280252,True,,1.69,1.698599
3602,000000416837.jpg,1776420732.1267123,True,,1.89,1.900284
3603,000000416885.jpg,1776420734.027088,True,,1.99,1.998334
3604,000000416991.jpg,1776420736.02551,True,,1.29,1.302277
3605,000000417043.jpg,1776420737.3278782,True,,1.49,1.496799
3606,000000417085.jpg,1776420738.8247647,True,,1.19,1.201355
3607,000000417249.jpg,1776420740.0262084,True,,1.79,1.802068
3608,000000417285.jpg,1776420741.8283684,True,,1.49,1.501243
3609,000000417465.jpg,1776420743.3296947,True,,1.79,1.800324
3610,000000417608.jpg,1776420745.1301086,True,,1.89,1.89711
3611,000000417632.jpg,1776420747.027301,True,,1.99,1.997276
3612,000000417779.jpg,1776420749.0246654,True,,1.99,1.999404
3613,000000417876.jpg,1776420751.024154,True,,1.99,1.999814
3614,000000417911.jpg,1776420753.0240483,True,,1.79,1.802183
3615,000000418062.jpg,1776420754.8263166,True,,1.79,1.800452
3616,000000418281.jpg,1776420756.6268501,True,,1.79,1.799911
3617,000000418696.jpg,1776420758.426844,True,,1.79,1.797787
3618,000000418959.jpg,1776420760.2247136,True,,1.79,1.8023
3619,000000418961.jpg,1776420762.0271075,True,,1.89,1.900154
3620,000000419096.jpg,1776420763.927349,True,,2.39,2.402253
3621,000000419098.jpg,1776420766.3296936,True,,2.49,2.497913
3622,000000419201.jpg,1776420768.8276987,True,,1.79,1.799793
3623,000000419312.jpg,1776420770.627583,True,,1.89,1.899622
3624,000000419379.jpg,1776420772.5272877,True,,1.79,1.799522
3625,000000419408.jpg,1776420774.3269103,True,,1.79,1.800257
3626,000000419601.jpg,1776420776.1272492,True,,1.79,1.799681
3627,000000419653.jpg,1776420777.9270103,True,,1.99,1.997673
3628,000000419882.jpg,1776420779.9247615,True,,2.4,2.403318
3629,000000419974.jpg,1776420782.3281603,True,,1.89,1.899252
3630,000000420069.jpg,1776420784.2275012,True,,1.99,1.997003
3631,000000420230.jpg,1776420786.224596,True,,1.79,1.802451
3632,000000420281.jpg,1776420788.0271301,True,,1.99,1.997428
3633,000000420472.jpg,1776420790.0246444,True,,1.7,1.703624
3634,000000420840.jpg,1776420791.7283611,True,,1.79,1.798555
3635,000000420916.jpg,1776420793.5274384,True,,1.59,1.60187
3636,000000421060.jpg,1776420795.1293938,True,,1.79,1.79583
3637,000000421455.jpg,1776420796.9253101,True,,1.89,1.899636
3638,000000421757.jpg,1776420798.825035,True,,1.9,1.905036
3639,000000421834.jpg,1776420800.7301629,True,,1.69,1.698265
3640,000000421923.jpg,1776420802.4285166,True,,1.79,1.795923
3641,000000422670.jpg,1776420804.2245283,True,,1.99,2.000334
3642,000000422706.jpg,1776420806.2249649,True,,1.99,2.00102
3643,000000422836.jpg,1776420808.2260733,True,,1.89,1.902055
3644,000000422886.jpg,1776420810.1282187,True,,2.49,2.499041
3645,000000422998.jpg,1776420812.6273525,True,,1.79,1.800269
3646,000000423104.jpg,1776420814.4277115,True,,1.89,1.897325
3647,000000423123.jpg,1776420816.3251226,True,,1.79,1.799887
3648,000000423229.jpg,1776420818.125092,True,,1.79,1.801349
3649,000000423506.jpg,1776420819.926521,True,,1.89,1.901791
3650,000000423519.jpg,1776420821.8284068,True,,1.89,1.895463
3651,000000423617.jpg,1776420823.7239594,True,,1.9,1.903237
3652,000000423798.jpg,1776420825.6272779,True,,1.29,1.301772
3653,000000423944.jpg,1776420826.929131,True,,1.79,1.800168
3654,000000423971.jpg,1776420828.729383,True,,1.7,1.795544
3655,000000424135.jpg,1776420830.5250065,True,,1.9,1.902618
3656,000000424162.jpg,1776420832.4277081,True,,1.99,1.999802
3657,000000424349.jpg,1776420834.427596,True,,1.79,1.799111
3658,000000424521.jpg,1776420836.2267911,True,,1.79,1.801317
3659,000000424545.jpg,1776420838.0281985,True,,1.89,1.89922
3660,000000424551.jpg,1776420839.927499,True,,1.79,1.801666
3661,000000424642.jpg,1776420841.729252,True,,1.99,1.999049
3662,000000424721.jpg,1776420843.728384,True,,1.99,1.996691
3663,000000424776.jpg,1776420845.7251663,True,,1.39,1.401601
3664,000000424975.jpg,1776420847.126856,True,,1.99,2.000887
3665,000000425221.jpg,1776420849.1278358,True,,1.89,1.900133
3666,000000425226.jpg,1776420851.0280538,True,,1.99,1.996762
3667,000000425227.jpg,1776420853.0249193,True,,1.79,1.801872
3668,000000425361.jpg,1776420854.8268812,True,,1.99,2.001049
3669,000000425390.jpg,1776420856.8280182,True,,1.99,1.997833
3670,000000425702.jpg,1776420858.8259552,True,,0.99,1.00132
3671,000000425906.jpg,1776420859.8273656,True,,1.49,1.500833
3672,000000425925.jpg,1776420861.328288,True,,1.49,1.500256
3673,000000426166.jpg,1776420862.8286328,True,,1.39,1.398721
3674,000000426203.jpg,1776420864.2274446,True,,1.39,1.399561
3675,000000426241.jpg,1776420865.6270952,True,,1.49,1.498887
3676,000000426253.jpg,1776420867.1260674,True,,1.69,1.700757
3677,000000426268.jpg,1776420868.8269248,True,,1.89,1.897252
3678,000000426297.jpg,1776420870.7242627,True,,1.49,1.500381
3679,000000426329.jpg,1776420872.224724,True,,1.7,1.704506
3680,000000426372.jpg,1776420873.9293146,True,,1.79,1.796761
3681,000000426376.jpg,1776420875.7261603,True,,1.89,1.900325
3682,000000426795.jpg,1776420877.6265666,True,,1.79,1.801436
3683,000000426836.jpg,1776420879.4280887,True,,2.49,2.49921
3684,000000427034.jpg,1776420881.9273832,True,,1.99,2.00142
3685,000000427055.jpg,1776420883.9288883,True,,1.99,1.998109
3686,000000427077.jpg,1776420885.9271116,True,,1.39,1.399427
3687,000000427160.jpg,1776420887.3266258,True,,1.99,2.001597
3688,000000427256.jpg,1776420889.3283088,True,,2.09,2.096729
3689,000000427338.jpg,1776420891.4251277,True,,1.69,1.700093
3690,000000427500.jpg,1776420893.1253107,True,,1.79,1.801994
3691,000000427649.jpg,1776420894.9273925,True,,1.79,1.800842
3692,000000427655.jpg,1776420896.7283306,True,,1.79,1.798919
3693,000000427997.jpg,1776420898.52734,True,,1.79,1.796981
3694,000000428111.jpg,1776420900.32441,True,,1.89,1.899289
3695,000000428218.jpg,1776420902.2237844,True,,1.99,2.001136
3696,000000428280.jpg,1776420904.2250068,True,,1.89,1.899802
3697,000000428454.jpg,1776420906.1248963,True,,1.9,1.903236
3698,000000428562.jpg,1776420908.028233,True,,1.49,1.496441
3699,000000428867.jpg,1776420909.5247567,True,,1.39,1.400417
3700,000000429011.jpg,1776420910.925263,True,,1.59,1.601308
3701,000000429109.jpg,1776420912.5266583,True,,1.89,1.896643
3702,000000429281.jpg,1776420914.4233882,True,,1.89,1.900924
3703,000000429530.jpg,1776420916.3244,True,,2.0,2.004107
3704,000000429598.jpg,1776420918.3285983,True,,1.89,1.898931
3705,000000429623.jpg,1776420920.2276185,True,,1.99,2.000508
3706,000000429690.jpg,1776420922.2282188,True,,1.89,1.898277
3707,000000429718.jpg,1776420924.1265802,True,,2.49,2.499157
3708,000000429761.jpg,1776420926.6258247,True,,1.8,1.803919
3709,000000430048.jpg,1776420928.4298298,True,,1.89,1.900318
3710,000000430056.jpg,1776420930.3302364,True,,1.89,1.892938
3711,000000430073.jpg,1776420932.2232568,True,,1.8,1.803925
3712,000000430286.jpg,1776420934.027269,True,,1.89,1.897095
3713,000000430377.jpg,1776420935.924448,True,,1.89,1.898727
3714,000000430871.jpg,1776420937.8232596,True,,1.7,1.704039
3715,000000430875.jpg,1776420939.527387,True,,1.49,1.497365
3716,000000430961.jpg,1776420941.0248392,True,,1.49,1.498791
3717,000000430973.jpg,1776420942.5237203,True,,1.4,1.403248
3718,000000431140.jpg,1776420943.9270558,True,,1.49,1.498363
3719,000000431545.jpg,1776420945.4255095,True,,1.39,1.39974
3720,000000431568.jpg,1776420946.8253357,True,,1.29,1.302663
3721,000000431693.jpg,1776420948.1281013,True,,1.89,1.899208
3722,000000431727.jpg,1776420950.027397,True,,1.79,1.800335
3723,000000431848.jpg,1776420951.827819,True,,1.39,1.395948
3724,000000431876.jpg,1776420953.2238538,True,,1.69,1.702641
3725,000000431896.jpg,1776420954.9265823,True,,1.79,1.80086
3726,000000432085.jpg,1776420956.727529,True,,1.89,1.900638
3727,000000432468.jpg,1776420958.6282601,True,,1.99,1.996029
3728,000000432553.jpg,1776420960.6243758,True,,1.7,1.703404
3729,000000432898.jpg,1776420962.3278751,True,,2.49,2.498746
3730,000000433103.jpg,1776420964.8267138,True,,1.79,1.803287
3731,000000433134.jpg,1776420966.6300938,True,,1.89,1.897678
3732,000000433192.jpg,1776420968.5278609,True,,1.99,1.997104
3733,000000433204.jpg,1776420970.5250528,True,,1.49,1.499543
3734,000000433243.jpg,1776420972.02468,True,,1.39,1.398906
3735,000000433374.jpg,1776420973.4236736,True,,1.99,2.00105
3736,000000433515.jpg,1776420975.4248087,True,,2.09,2.100357
3737,000000433774.jpg,1776420977.5252569,True,,1.79,1.801414
3738,000000433915.jpg,1776420979.3267617,True,,1.99,1.997035
3739,000000433980.jpg,1776420981.3238842,True,,2.09,2.102086
3740,000000434204.jpg,1776420983.4260585,True,,1.39,1.401687
3741,000000434230.jpg,1776420984.827837,True,,1.29,1.295661
3742,000000434247.jpg,1776420986.123579,True,,2.0,2.003361
3743,000000434297.jpg,1776420988.1270332,True,,1.99,2.000599
3744,000000434459.jpg,1776420990.1277218,True,,1.99,1.997064
3745,000000434479.jpg,1776420992.124871,True,,1.9,1.902888
3746,000000434548.jpg,1776420994.0278463,True,,1.99,1.997716
3747,000000434996.jpg,1776420996.0256472,True,,2.0,2.002802
3748,000000435003.jpg,1776420998.0285406,True,,1.89,1.899251
3749,000000435081.jpg,1776420999.927885,True,,1.89,1.899462
3750,000000435205.jpg,1776421001.8274362,True,,1.39,1.397797
3751,000000435206.jpg,1776421003.2253232,True,,1.79,1.802273
3752,000000435208.jpg,1776421005.0277007,True,,1.99,1.997373
3753,000000435299.jpg,1776421007.0251591,True,,1.89,1.901877
3754,000000435880.jpg,1776421008.9271228,True,,1.49,1.496954
3755,000000436315.jpg,1776421010.4241674,True,,1.6,1.603916
3756,000000436551.jpg,1776421012.0281715,True,,1.79,1.798134
3757,000000436617.jpg,1776421013.8263872,True,,1.7,1.702648
3758,000000436738.jpg,1776421015.5291226,True,,2.29,2.300549
3759,000000436883.jpg,1776421017.829758,True,,1.79,1.799344
3760,000000437110.jpg,1776421019.6291857,True,,1.89,1.896729
3761,000000437205.jpg,1776421021.5259979,True,,1.29,1.299117
3762,000000437239.jpg,1776421022.825205,True,,1.39,1.400712
3763,000000437331.jpg,1776421024.2260041,True,,1.3,1.304462
3764,000000437351.jpg,1776421025.5305533,True,,1.59,1.595996
3765,000000437392.jpg,1776421027.1266408,True,,1.79,1.801078
3766,000000437514.jpg,1776421028.9278083,True,,2.29,2.297597
3767,000000437898.jpg,1776421031.2254946,True,,1.79,1.801493
3768,000000438017.jpg,1776421033.0270753,True,,1.99,1.998188
3769,000000438226.jpg,1776421035.0253463,True,,1.29,1.301158
3770,000000438269.jpg,1776421036.3265944,True,,1.8,1.802962
3771,000000438304.jpg,1776421038.1296415,True,,1.89,1.897308
3772,000000438774.jpg,1776421040.027039,True,,1.99,1.99712
3773,000000438862.jpg,1776421042.0242484,True,,1.79,1.802536
3774,000000438876.jpg,1776421043.8268695,True,,1.89,1.900659
3775,000000438907.jpg,1776421045.7276173,True,,1.49,1.595302
3776,000000438955.jpg,1776421047.3230078,True,,1.3,1.304496
3777,000000439180.jpg,1776421048.6275916,True,,1.29,1.29618
3778,000000439290.jpg,1776421049.9238605,True,,1.4,1.40365
3779,000000439426.jpg,1776421051.3275971,True,,1.59,1.597252
3780,000000439522.jpg,1776421052.9249592,True,,1.39,1.402008
3781,000000439525.jpg,1776421054.327054,True,,1.89,1.901054
3782,000000439593.jpg,1776421056.2281997,True,,1.99,1.999537
3783,000000439623.jpg,1776421058.2278295,True,,1.99,2.000862
3784,000000439715.jpg,1776421060.2287855,True,,1.99,1.99632
3785,000000439773.jpg,1776421062.225191,True,,1.99,2.001021
3786,000000439854.jpg,1776421064.2263002,True,,1.79,1.801399
3787,000000439994.jpg,1776421066.0277824,True,,1.79,1.799705
3788,000000440171.jpg,1776421067.8275774,True,,1.79,1.800197
3789,000000440184.jpg,1776421069.6278706,True,,1.99,1.997924
3790,000000440336.jpg,1776421071.6258814,True,,1.89,1.901726
3791,000000440475.jpg,1776421073.527699,True,,1.99,1.997623
3792,000000440507.jpg,1776421075.52542,True,,1.99,2.00102
3793,000000440508.jpg,1776421077.5265443,True,,1.89,1.900404
3794,000000440617.jpg,1776421079.4270406,True,,1.99,1.998678
3795,000000441247.jpg,1776421081.4258127,True,,1.89,1.900924
3796,000000441286.jpg,1776421083.3268263,True,,1.99,1.999642
3797,000000441442.jpg,1776421085.3265562,True,,1.89,1.900778
3798,000000441468.jpg,1776421087.22742,True,,1.79,1.800344
3799,000000441491.jpg,1776421089.027849,True,,1.99,1.998376
3800,000000441543.jpg,1776421091.0263076,True,,1.69,1.700317
3801,000000441553.jpg,1776421092.7267137,True,,1.99,1.998033
3802,000000441586.jpg,1776421094.7248266,True,,1.79,1.80248
3803,000000442009.jpg,1776421096.5273895,True,,1.89,1.898954
3804,000000442161.jpg,1776421098.4264352,True,,1.99,1.999183
3805,000000442306.jpg,1776421100.425705,True,,2.5,2.5037
3806,000000442323.jpg,1776421102.9294877,True,,1.89,1.897314
3807,000000442456.jpg,1776421104.8268888,True,,1.49,1.501605
3808,000000442463.jpg,1776421106.3285956,True,,1.89,1.89904
3809,000000442480.jpg,1776421108.227718,True,,1.79,1.799313
3810,000000442661.jpg,1776421110.0271225,True,,1.9,1.902714
3811,000000442746.jpg,1776421111.9299395,True,,1.99,1.994822
3812,000000442822.jpg,1776421113.924849,True,,1.79,1.799997
3813,000000442836.jpg,1776421115.7249463,True,,1.89,1.902585
3814,000000442993.jpg,1776421117.6276188,True,,1.89,1.899322
3815,000000443303.jpg,1776421119.5270276,True,,1.89,1.901324
3816,000000443426.jpg,1776421121.4284432,True,,1.99,1.999963
3817,000000443498.jpg,1776421123.4285004,True,,1.99,1.999882
3818,000000443844.jpg,1776421125.428467,True,,1.79,1.798677
3819,000000443969.jpg,1776421127.2272441,True,,2.19,2.202547
3820,000000444142.jpg,1776421129.4298754,True,,1.99,1.995352
3821,000000444275.jpg,1776421131.4253142,True,,1.99,2.00247
3822,000000444879.jpg,1776421133.427875,True,,1.99,2.000431
3823,000000445248.jpg,1776421135.4283946,True,,1.79,1.79848
3824,000000445365.jpg,1776421137.2269745,True,,1.79,1.800147
3825,000000445439.jpg,1776421139.0272076,True,,1.79,1.797724
3826,000000445602.jpg,1776421140.8250196,True,,1.8,1.802767
3827,000000445658.jpg,1776421142.6278872,True,,1.79,1.798945
3828,000000445675.jpg,1776421144.426934,True,,1.89,1.900767
3829,000000445722.jpg,1776421146.3277876,True,,1.69,1.697176
3830,000000445792.jpg,1776421148.0250473,True,,1.99,2.001162
3831,000000445834.jpg,1776421150.0262957,True,,1.89,1.901359
3832,000000445846.jpg,1776421151.927742,True,,1.89,1.89624
3833,000000445999.jpg,1776421153.8240767,True,,1.6,1.604839
3834,000000446005.jpg,1776421155.4290025,True,,1.79,1.797969
3835,000000446117.jpg,1776421157.2270548,True,,1.79,1.797388
3836,000000446206.jpg,1776421159.0245247,True,,1.59,1.602336
3837,000000446207.jpg,1776421160.626955,True,,1.89,1.900332
3838,000000446522.jpg,1776421162.5273774,True,,1.89,1.899916
3839,000000446574.jpg,1776421164.42738,True,,1.79,1.798858
3840,000000446651.jpg,1776421166.2263215,True,,1.79,1.798033
3841,000000446703.jpg,1776421168.0244324,True,,1.79,1.799631
3842,000000447088.jpg,1776421169.8241472,True,,1.8,1.802718
3843,000000447169.jpg,1776421171.6269577,True,,1.89,1.89791
3844,000000447187.jpg,1776421173.5249593,True,,1.79,1.802491
3845,000000447200.jpg,1776421175.3275316,True,,1.89,1.899431
3846,000000447313.jpg,1776421177.2270453,True,,1.89,1.897515
3847,000000447314.jpg,1776421179.1246412,True,,1.9,1.902682
3848,000000447342.jpg,1776421181.0274045,True,,1.59,1.60168
3849,000000447465.jpg,1776421182.6291695,True,,1.79,1.79565
3850,000000447522.jpg,1776421184.4249108,True,,1.8,1.80268
3851,000000447611.jpg,1776421186.22768,True,,1.79,1.796661
3852,000000447789.jpg,1776421188.0244226,True,,1.79,1.79881
3853,000000447917.jpg,1776421189.823314,True,,1.49,1.502088
3854,000000448076.jpg,1776421191.3254845,True,,1.9,1.902614
3855,000000448256.jpg,1776421193.228179,True,,1.79,1.798028
3856,000000448263.jpg,1776421195.0262935,True,,1.89,1.90081
3857,000000448365.jpg,1776421196.9271886,True,,1.79,1.800201
3858,000000448410.jpg,1776421198.727476,True,,1.69,1.701167
3859,000000448448.jpg,1776421200.4287345,True,,1.99,2.000225
3860,000000448810.jpg,1776421202.4290469,True,,1.89,1.898008
3861,000000449190.jpg,1776421204.32714,True,,1.59,1.601555
3862,000000449198.jpg,1776421205.9287887,True,,1.99,1.996142
3863,000000449312.jpg,1776421207.9250154,True,,2.39,2.400378
3864,000000449406.jpg,1776421210.3254774,True,,1.99,2.000937
3865,000000449432.jpg,1776421212.3265011,True,,1.79,1.797885
3866,000000449579.jpg,1776421214.124473,True,,1.89,1.899865
3867,000000449603.jpg,1776421216.0244193,True,,1.79,1.802331
3868,000000449661.jpg,1776421217.8268392,True,,0.99,0.999691
3869,000000449909.jpg,1776421218.8266153,True,,1.79,1.799806
3870,000000449996.jpg,1776421220.62651,True,,1.79,1.799837
3871,000000450075.jpg,1776421222.426435,True,,1.79,1.80078
3872,000000450100.jpg,1776421224.2273023,True,,1.79,1.798251
3873,000000450202.jpg,1776421226.0256405,True,,1.89,1.901384
3874,000000450303.jpg,1776421227.927111,True,,1.89,1.901257
3875,000000450399.jpg,1776421229.828456,True,,1.89,1.899788
3876,000000450439.jpg,1776421231.7283323,True,,1.39,1.396915
3877,000000450488.jpg,1776421233.1253257,True,,1.79,1.798251
3878,000000450559.jpg,1776421234.9236543,True,,1.7,1.706456
3879,000000450686.jpg,1776421236.6301935,True,,1.99,1.995001
3880,000000450758.jpg,1776421238.625278,True,,1.89,1.902098
3881,000000451043.jpg,1776421240.5274599,True,,1.79,1.796603
3882,000000451084.jpg,1776421242.3241448,True,,1.9,1.903456
3883,000000451090.jpg,1776421244.2276888,True,,1.99,1.99678
3884,000000451144.jpg,1776421246.2245517,True,,1.99,2.000371
3885,000000451150.jpg,1776421248.2250228,True,,2.09,2.100225
3886,000000451155.jpg,1776421250.3253386,True,,2.1,2.103615
3887,000000451308.jpg,1776421252.4290397,True,,1.79,1.797717
3888,000000451435.jpg,1776421254.2268434,True,,1.59,1.601799
3889,000000451571.jpg,1776421255.828732,True,,1.79,1.798938
3890,000000451693.jpg,1776421257.6277564,True,,1.89,1.896969
3891,000000451714.jpg,1776421259.5248137,True,,1.99,2.001092
3892,000000451879.jpg,1776421261.5259948,True,,2.39,2.40019
3893,000000452084.jpg,1776421263.9262745,True,,2.39,2.400884
3894,000000452122.jpg,1776421266.327249,True,,1.79,1.80247
3895,000000452321.jpg,1776421268.1298115,True,,1.89,1.896369
3896,000000452515.jpg,1776421270.0262697,True,,1.49,1.498106
3897,000000452784.jpg,1776421271.5244603,True,,1.99,2.002311
3898,000000452793.jpg,1776421273.5268586,True,,1.89,1.901058
3899,000000452891.jpg,1776421275.4280038,True,,1.59,1.602041
3900,000000453001.jpg,1776421277.0301347,True,,1.4,1.496933
3901,000000453040.jpg,1776421278.5271547,True,,1.39,1.401027
3902,000000453166.jpg,1776421279.9282713,True,,1.49,1.496529
3903,000000453302.jpg,1776421281.4248862,True,,1.49,1.498644
3904,000000453341.jpg,1776421282.9236157,True,,1.99,2.002247
3905,000000453584.jpg,1776421284.925961,True,,1.99,1.999082
3906,000000453634.jpg,1776421286.9251292,True,,1.89,1.901839
3907,000000453708.jpg,1776421288.8270557,True,,1.89,1.900349
3908,000000453722.jpg,1776421290.7274902,True,,1.89,1.89849
3909,000000453841.jpg,1776421292.6260617,True,,1.8,1.803304
3910,000000453860.jpg,1776421294.4294512,True,,1.69,1.793434
3911,000000453981.jpg,1776421296.2229772,True,,1.69,1.701826
3912,000000454067.jpg,1776421297.9248905,True,,2.1,2.105694
3913,000000454404.jpg,1776421300.0306847,True,,2.09,2.19226
3914,000000454661.jpg,1776421302.2230337,True,,1.79,1.801603
3915,000000454750.jpg,1776421304.0247242,True,,1.89,1.901646
3916,000000454798.jpg,1776421305.9264593,True,,1.79,1.800859
3917,000000454978.jpg,1776421307.7273962,True,,1.59,1.695418
3918,000000455085.jpg,1776421309.422907,True,,1.7,1.703908
3919,000000455157.jpg,1776421311.1269124,True,,2.49,2.498913
3920,000000455219.jpg,1776421313.6259356,True,,1.79,1.80053
3921,000000455267.jpg,1776421315.4265528,True,,1.79,1.800507
3922,000000455301.jpg,1776421317.227148,True,,1.99,2.001318
3923,000000455352.jpg,1776421319.2285535,True,,1.99,1.997651
3924,000000455448.jpg,1776421321.2262876,True,,1.89,1.900973
3925,000000455555.jpg,1776421323.127343,True,,2.19,2.201293
3926,000000455597.jpg,1776421325.328734,True,,1.79,1.801367
3927,000000455624.jpg,1776421327.1301908,True,,1.79,1.796354
3928,000000455716.jpg,1776421328.9266346,True,,1.69,1.702408
3929,000000455872.jpg,1776421330.6291344,True,,1.99,1.999367
3930,000000455937.jpg,1776421332.6285949,True,,1.99,1.99739
3931,000000455981.jpg,1776421334.6260765,True,,1.9,1.902904
3932,000000456015.jpg,1776421336.5290697,True,,1.79,1.798176
3933,000000456143.jpg,1776421338.327327,True,,1.69,1.696312
3934,000000456292.jpg,1776421340.023722,True,,2.0,2.003634
3935,000000456303.jpg,1776421342.0274463,True,,1.59,1.599214
3936,000000456394.jpg,1776421343.6267474,True,,1.99,2.001551
3937,000000456496.jpg,1776421345.6283822,True,,1.69,1.701435
3938,000000456559.jpg,1776421347.3299103,True,,1.89,1.897432
3939,000000456662.jpg,1776421349.2274246,True,,2.49,2.500663
3940,000000456865.jpg,1776421351.7281868,True,,1.79,1.798486
3941,000000457078.jpg,1776421353.5267556,True,,1.79,1.801103
3942,000000457262.jpg,1776421355.327956,True,,1.89,1.899585
3943,000000457559.jpg,1776421357.2276309,True,,1.39,1.397795
3944,000000457848.jpg,1776421358.62551,True,,1.39,1.399041
3945,000000457884.jpg,1776421360.02464,True,,1.4,1.402679
3946,000000458045.jpg,1776421361.4274068,True,,1.5,1.504224
3947,000000458054.jpg,1776421362.9317143,True,,1.71,1.79815
3948,000000458109.jpg,1776421364.7299683,True,,1.89,1.897946
3949,000000458223.jpg,1776421366.6280038,True,,1.39,1.400564
3950,000000458255.jpg,1776421368.0286636,True,,1.79,1.795623
3951,000000458325.jpg,1776421369.8243747,True,,1.59,1.601658
3952,000000458410.jpg,1776421371.4261324,True,,1.59,1.60156
3953,000000458663.jpg,1776421373.027782,True,,1.69,1.699465
3954,000000458702.jpg,1776421374.7273319,True,,1.39,1.397977
3955,000000458755.jpg,1776421376.1253953,True,,1.9,1.902874
3956,000000458768.jpg,1776421378.0283585,True,,1.79,1.798013
3957,000000458790.jpg,1776421379.8264542,True,,1.99,1.999696
3958,000000458992.jpg,1776421381.8262365,True,,1.79,1.79865
3959,000000459153.jpg,1776421383.6249828,True,,1.39,1.400172
3960,000000459195.jpg,1776421385.0252404,True,,1.49,1.502684
3961,000000459272.jpg,1776421386.5280082,True,,1.79,1.797438
3962,000000459396.jpg,1776421388.3255355,True,,2.49,2.500347
3963,000000459437.jpg,1776421390.82599,True,,1.89,1.901912
3964,000000459467.jpg,1776421392.7279851,True,,1.99,1.996113
3965,000000459500.jpg,1776421394.724178,True,,1.79,1.80063
3966,000000459634.jpg,1776421396.524896,True,,1.59,1.601222
3967,000000459662.jpg,1776421398.1262174,True,,1.89,1.900739
3968,000000459757.jpg,1776421400.0270417,True,,1.49,1.498697
3969,000000459809.jpg,1776421401.525829,True,,1.79,1.799254
3970,000000459887.jpg,1776421403.3251731,True,,2.0,2.003103
3971,000000459954.jpg,1776421405.3283627,True,,1.99,2.000005
3972,000000460147.jpg,1776421407.328455,True,,1.89,1.899517
3973,000000460160.jpg,1776421409.2280645,True,,1.89,1.90031
3974,000000460229.jpg,1776421411.1284733,True,,1.79,1.79931
3975,000000460333.jpg,1776421412.9278815,True,,1.89,1.90047
3976,000000460347.jpg,1776421414.8284488,True,,1.89,1.899212
3977,000000460379.jpg,1776421416.7277565,True,,1.79,1.802016
3978,000000460494.jpg,1776421418.529868,True,,1.89,1.899007
3979,000000460682.jpg,1776421420.4290013,True,,0.89,0.89923
3980,000000460683.jpg,1776421421.3283215,True,,1.89,1.994642
3981,000000460841.jpg,1776421423.3230467,True,,1.89,1.902005
3982,000000460927.jpg,1776421425.225143,True,,1.59,1.599505
3983,000000460929.jpg,1776421426.824728,True,,1.8,1.802735
3984,000000460967.jpg,1776421428.6275482,True,,2.49,2.499822
3985,000000461009.jpg,1776421431.127459,True,,2.39,2.397586
3986,000000461036.jpg,1776421433.5251312,True,,1.89,1.901897
3987,000000461275.jpg,1776421435.4271097,True,,1.89,1.900144
3988,000000461405.jpg,1776421437.3273406,True,,1.89,1.900144
3989,000000461573.jpg,1776421439.227572,True,,2.09,2.10171
3990,000000461751.jpg,1776421441.3294036,True,,2.19,2.198919
3991,000000462031.jpg,1776421443.528407,True,,1.89,1.89745
3992,000000462371.jpg,1776421445.4259558,True,,1.79,1.798187
3993,000000462576.jpg,1776421447.224225,True,,1.49,1.500175
3994,000000462614.jpg,1776421448.7244854,True,,1.59,1.601505
3995,000000462629.jpg,1776421450.326077,True,,1.49,1.5022
3996,000000462643.jpg,1776421451.8283615,True,,1.99,1.998894
3997,000000462728.jpg,1776421453.8273387,True,,1.99,2.000036
3998,000000462756.jpg,1776421455.827461,True,,1.89,1.897349
3999,000000462904.jpg,1776421457.724893,True,,1.89,1.89869
4000,000000463037.jpg,1776421459.6236823,True,,1.3,1.305627
4001,000000463174.jpg,1776421460.929395,True,,1.3,1.397611
4002,000000463199.jpg,1776421462.327089,True,,1.99,1.998578
4003,000000463283.jpg,1776421464.3257508,True,,2.49,2.501018
4004,000000463522.jpg,1776421466.82686,True,,2.09,2.101756
4005,000000463527.jpg,1776421468.9287097,True,,1.99,1.999172
4006,000000463542.jpg,1776421470.927982,True,,1.89,1.89983
4007,000000463618.jpg,1776421472.827918,True,,1.99,1.996877
4008,000000463647.jpg,1776421474.8248794,True,,2.0,2.00276
4009,000000463690.jpg,1776421476.8277223,True,,1.99,1.998716
4010,000000463730.jpg,1776421478.8265326,True,,1.79,1.80131
4011,000000463802.jpg,1776421480.6279418,True,,1.99,1.99999
4012,000000463842.jpg,1776421482.6280203,True,,1.99,1.999484
4013,000000463849.jpg,1776421484.6275861,True,,2.49,2.496089
4014,000000463918.jpg,1776421487.123761,True,,1.49,1.499354
4015,000000464089.jpg,1776421488.6231961,True,,1.8,1.803948
4016,000000464144.jpg,1776421490.4272337,True,,1.89,1.90006
4017,000000464251.jpg,1776421492.3273835,True,,1.89,1.897258
4018,000000464358.jpg,1776421494.2247288,True,,1.8,1.804785
4019,000000464476.jpg,1776421496.029609,True,,1.79,1.797918
4020,000000464522.jpg,1776421497.8276079,True,,1.99,1.998785
4021,000000464689.jpg,1776421499.8264763,True,,2.29,2.299686
4022,000000464786.jpg,1776421502.1262505,True,,1.79,1.800258
4023,000000464824.jpg,1776421503.9265966,True,,1.89,1.901142
4024,000000464872.jpg,1776421505.8278298,True,,1.79,1.796873
4025,000000465129.jpg,1776421507.6247845,True,,1.89,1.901965
4026,000000465179.jpg,1776421509.5268345,True,,1.89,1.899811
4027,000000465180.jpg,1776421511.4267313,True,,1.79,1.799525
4028,000000465430.jpg,1776421513.226337,True,,1.99,1.99842
4029,000000465549.jpg,1776421515.2248404,True,,1.79,1.801015
4030,000000465585.jpg,1776421517.0259583,True,,1.79,1.79877
4031,000000465675.jpg,1776421518.824809,True,,1.59,1.60224
4032,000000465718.jpg,1776421520.4271328,True,,1.79,1.797524
4033,000000465806.jpg,1776421522.2247496,True,,1.79,1.802294
4034,000000465822.jpg,1776421524.0271292,True,,1.89,1.899823
4035,000000465836.jpg,1776421525.9270384,True,,1.99,2.000065
4036,000000466085.jpg,1776421527.9271896,True,,1.89,1.900308
4037,000000466125.jpg,1776421529.8275878,True,,1.89,1.899486
4038,000000466156.jpg,1776421531.727168,True,,1.89,1.899584
4039,000000466256.jpg,1776421533.6268408,True,,1.79,1.799688
4040,000000466339.jpg,1776421535.4266143,True,,1.59,1.601184
4041,000000466416.jpg,1776421537.027885,True,,1.79,1.79875
4042,000000466567.jpg,1776421538.8267238,True,,1.89,1.899223
4043,000000466602.jpg,1776421540.726032,True,,1.99,2.001932
4044,000000466835.jpg,1776421542.728052,True,,1.49,1.498569
4045,000000466986.jpg,1776421544.2267113,True,,1.99,2.000896
4046,000000467176.jpg,1776421546.2276938,True,,1.99,1.997256
4047,000000467315.jpg,1776421548.2250416,True,,1.79,1.799561
4048,000000467511.jpg,1776421550.0246944,True,,1.7,1.703315
4049,000000467776.jpg,1776421551.728104,True,,1.59,1.597481
4050,000000467848.jpg,1776421553.3256736,True,,1.99,2.002594
4051,000000468124.jpg,1776421555.3283527,True,,1.99,1.995135
4052,000000468233.jpg,1776421557.3235688,True,,1.8,1.803598
4053,000000468245.jpg,1776421559.127263,True,,1.79,1.799507
4054,000000468332.jpg,1776421560.9268603,True,,1.8,1.803868
4055,000000468501.jpg,1776421562.7308142,True,,1.49,1.499188
4056,000000468505.jpg,1776421564.230091,True,,1.4,1.497523
4057,000000468577.jpg,1776421565.7277002,True,,2.49,2.501233
4058,000000468632.jpg,1776421568.229028,True,,1.99,1.999023
4059,000000468925.jpg,1776421570.2281349,True,,1.99,1.99897
4060,000000468954.jpg,1776421572.2271945,True,,1.79,1.800439
4061,000000468965.jpg,1776421574.0277286,True,,1.99,1.997205
4062,000000469067.jpg,1776421576.0250204,True,,1.89,1.902056
4063,000000469174.jpg,1776421577.9271657,True,,1.99,1.997421
4064,000000469192.jpg,1776421579.9246726,True,,1.99,2.001314
4065,000000469246.jpg,1776421581.9260752,True,,1.99,2.002021
4066,000000469652.jpg,1776421583.928186,True,,1.39,1.401784
4067,000000469828.jpg,1776421585.3300552,True,,1.49,1.495152
4068,000000470121.jpg,1776421586.825299,True,,1.79,1.800654
4069,000000470173.jpg,1776421588.6260428,True,,1.89,1.902042
4070,000000470773.jpg,1776421590.5281715,True,,1.99,2.000094
4071,000000470779.jpg,1776421592.5283604,True,,2.09,2.096355
4072,000000470924.jpg,1776421594.6248014,True,,2.09,2.099687
4073,000000470952.jpg,1776421596.7245731,True,,1.8,1.803154
4074,000000471023.jpg,1776421598.527815,True,,1.99,1.998177
4075,000000471087.jpg,1776421600.5260766,True,,2.4,2.403458
4076,000000471450.jpg,1776421602.929622,True,,1.99,1.998086
4077,000000471567.jpg,1776421604.9277947,True,,1.99,1.997608
4078,000000471756.jpg,1776421606.9254854,True,,1.89,1.900446
4079,000000471789.jpg,1776421608.8260248,True,,1.9,1.904163
4080,000000471869.jpg,1776421610.7302732,True,,2.19,2.197291
4081,000000471893.jpg,1776421612.9276524,True,,1.89,1.898146
4082,000000471991.jpg,1776421614.8258855,True,,1.89,1.900327
4083,000000472030.jpg,1776421616.7262974,True,,1.99,1.996787
4084,000000472046.jpg,1776421618.7231772,True,,1.7,1.703531
4085,000000472298.jpg,1776421620.4268067,True,,1.39,1.402639
4086,000000472375.jpg,1776421621.8295343,True,,2.4,2.497857
4087,000000472623.jpg,1776421624.3274806,True,,1.89,1.897346
4088,000000472678.jpg,1776421626.224932,True,,2.0,2.003339
4089,000000473015.jpg,1776421628.228362,True,,1.69,1.700215
4090,000000473118.jpg,1776421629.9286628,True,,1.79,1.795801
4091,000000473121.jpg,1776421631.7245607,True,,1.99,1.99907
4092,000000473219.jpg,1776421633.7237191,True,,1.99,1.999921
4093,000000473237.jpg,1776421635.723725,True,,1.89,1.900877
4094,000000473406.jpg,1776421637.624687,True,,2.0,2.003221
4095,000000473821.jpg,1776421639.6279953,True,,1.79,1.798522
4096,000000473869.jpg,1776421641.426604,True,,1.89,1.900231
4097,000000473974.jpg,1776421643.326932,True,,1.89,1.897851
4098,000000474021.jpg,1776421645.2248652,True,,2.0,2.00306
4099,000000474028.jpg,1776421647.2280147,True,,1.89,1.89929
4100,000000474039.jpg,1776421649.1273897,True,,1.69,1.699952
4101,000000474078.jpg,1776421650.8274322,True,,1.89,1.899084
4102,000000474095.jpg,1776421652.7266026,True,,1.89,1.900716
4103,000000474164.jpg,1776421654.6274097,True,,2.49,2.499926
4104,000000474167.jpg,1776421657.1274216,True,,1.89,1.89586
4105,000000474170.jpg,1776421659.0233686,True,,1.89,1.901362
4106,000000474293.jpg,1776421660.9248204,True,,1.99,1.999678
4107,000000474344.jpg,1776421662.9245894,True,,1.89,1.902281
4108,000000474452.jpg,1776421664.8269763,True,,1.4,1.403803
4109,000000474786.jpg,1776421666.2308702,True,,1.89,1.897395
4110,000000474854.jpg,1776421668.1283548,True,,1.99,1.996518
4111,000000474881.jpg,1776421670.1249683,True,,2.1,2.10289
4112,000000475064.jpg,1776421672.2279603,True,,1.89,1.897295
4113,000000475150.jpg,1776421674.1253366,True,,1.89,1.902595
4114,000000475191.jpg,1776421676.0280201,True,,2.09,2.100747
4115,000000475223.jpg,1776421678.1288586,True,,1.69,1.698177
4116,000000475365.jpg,1776421679.8271294,True,,1.79,1.798703
4117,000000475387.jpg,1776421681.6259387,True,,1.99,1.99776
4118,000000475484.jpg,1776421683.6237843,True,,1.9,1.904081
4119,000000475572.jpg,1776421685.5279677,True,,1.99,1.999809
4120,000000475678.jpg,1776421687.5278668,True,,1.99,1.998154
4121,000000475732.jpg,1776421689.526104,True,,1.99,2.00185
4122,000000475779.jpg,1776421691.5280397,True,,1.89,1.901051
4123,000000475904.jpg,1776421693.4291768,True,,1.79,1.79723
4124,000000476119.jpg,1776421695.2264898,True,,1.8,1.802747
4125,000000476215.jpg,1776421697.0293221,True,,1.59,1.599787
4126,000000476258.jpg,1776421698.6291947,True,,1.59,1.596931
4127,000000476415.jpg,1776421700.2262123,True,,1.79,1.800872
4128,000000476491.jpg,1776421702.0271673,True,,1.79,1.798977
4129,000000476514.jpg,1776421703.8262286,True,,1.8,1.803433
4130,000000476704.jpg,1776421705.6297486,True,,1.79,1.796291
4131,000000476770.jpg,1776421707.426122,True,,1.79,1.79799
4132,000000476787.jpg,1776421709.2241895,True,,1.9,1.903558
4133,000000476810.jpg,1776421711.1278305,True,,1.89,1.899013
4134,000000477118.jpg,1776421713.026942,True,,1.79,1.7993
4135,000000477227.jpg,1776421714.8263245,True,,1.79,1.79804
4136,000000477288.jpg,1776421716.624455,True,,1.89,1.899632
4137,000000477441.jpg,1776421718.5241706,True,,1.9,1.902876
4138,000000477623.jpg,1776421720.4271278,True,,1.89,1.897529
4139,000000477689.jpg,1776421722.3247442,True,,1.7,1.703309
4140,000000477805.jpg,1776421724.0281432,True,,1.39,1.400898
4141,000000477955.jpg,1776421725.4291306,True,,1.49,1.499102
4142,000000478136.jpg,1776421726.928323,True,,1.59,1.597793
4143,000000478286.jpg,1776421728.5262036,True,,1.59,1.602217
4144,000000478393.jpg,1776421730.1285112,True,,1.99,1.996798
4145,000000478420.jpg,1776421732.125397,True,,1.39,1.402453
4146,000000478474.jpg,1776421733.527959,True,,1.49,1.49531
4147,000000478721.jpg,1776421735.0233562,True,,1.8,1.804381
4148,000000478862.jpg,1776421736.827828,True,,1.49,1.497953
4149,000000479030.jpg,1776421738.325876,True,,1.39,1.400886
4150,000000479099.jpg,1776421739.7268474,True,,1.79,1.8001
4151,000000479126.jpg,1776421741.5270345,True,,1.79,1.800575
4152,000000479155.jpg,1776421743.3277104,True,,1.79,1.799164
4153,000000479248.jpg,1776421745.12697,True,,2.09,2.097802
4154,000000479448.jpg,1776421747.2248595,True,,2.09,2.100366
4155,000000479596.jpg,1776421749.3253129,True,,1.79,1.801286
4156,000000479732.jpg,1776421751.1266875,True,,1.79,1.802321
4157,000000479912.jpg,1776421752.929093,True,,1.39,1.398659
4158,000000479953.jpg,1776421754.3278356,True,,1.69,1.699428
4159,000000480021.jpg,1776421756.0273468,True,,1.99,1.997168
4160,000000480122.jpg,1776421758.024604,True,,2.3,2.304939
4161,000000480212.jpg,1776421760.3296304,True,,1.69,1.698897
4162,000000480275.jpg,1776421762.028633,True,,1.99,1.995971
4163,000000480842.jpg,1776421764.0246882,True,,2.39,2.400796
4164,000000480936.jpg,1776421766.425568,True,,1.89,1.899851
4165,000000480944.jpg,1776421768.3255088,True,,1.79,1.797898
4166,000000480985.jpg,1776421770.1234891,True,,1.79,1.801502
4167,000000481159.jpg,1776421771.9250832,True,,1.79,1.798965
4168,000000481386.jpg,1776421773.7241356,True,,1.7,1.798669
4169,000000481390.jpg,1776421775.5228887,True,,1.7,1.704414
4170,000000481404.jpg,1776421777.2273924,True,,1.69,1.698735
4171,000000481413.jpg,1776421778.926214,True,,1.69,1.699801
4172,000000481480.jpg,1776421780.6261075,True,,1.69,1.698506
4173,000000481567.jpg,1776421782.324698,True,,1.8,1.802844
4174,000000481573.jpg,1776421784.1276214,True,,2.29,2.299475
4175,000000481582.jpg,1776421786.42718,True,,1.69,1.70206
4176,000000482100.jpg,1776421788.1293278,True,,1.6,1.694242
4177,000000482275.jpg,1776421789.8236508,True,,1.8,1.804121
4178,000000482319.jpg,1776421791.6278574,True,,1.79,1.799798
4179,000000482436.jpg,1776421793.427745,True,,1.59,1.601156
4180,000000482477.jpg,1776421795.028988,True,,1.99,1.996542
4181,000000482487.jpg,1776421797.025612,True,,1.8,1.803015
4182,000000482585.jpg,1776421798.828716,True,,2.09,2.099161
4183,000000482719.jpg,1776421800.9279695,True,,1.99,1.999879
4184,000000482735.jpg,1776421802.927946,True,,1.79,1.798173
4185,000000482800.jpg,1776421804.7262,True,,1.79,1.801852
4186,000000482917.jpg,1776421806.5281358,True,,1.79,1.797062
4187,000000482970.jpg,1776421808.3252852,True,,1.49,1.502404
4188,000000482978.jpg,1776421809.8277733,True,,1.59,1.599782
4189,000000483050.jpg,1776421811.4276476,True,,2.09,2.100031
4190,000000483531.jpg,1776421813.5277658,True,,1.79,1.799995
4191,000000483667.jpg,1776421815.3278446,True,,1.79,1.798701
4192,000000483999.jpg,1776421817.1266284,True,,1.79,1.80107
4193,000000484029.jpg,1776421818.9277816,True,,1.79,1.796357
4194,000000484296.jpg,1776421820.724223,True,,1.8,1.803
4195,000000484351.jpg,1776421822.5273058,True,,1.69,1.696668
4196,000000484404.jpg,1776421824.224063,True,,1.8,1.80284
4197,000000484415.jpg,1776421826.0269911,True,,1.79,1.799984
4198,000000484760.jpg,1776421827.8270607,True,,1.69,1.702785
4199,000000484893.jpg,1776421829.5299547,True,,1.79,1.794301
4200,000000484978.jpg,1776421831.3243382,True,,1.99,2.001658
4201,000000485027.jpg,1776421833.3260875,True,,1.5,1.502694
4202,000000485071.jpg,1776421834.8288658,True,,1.39,1.394989
4203,000000485130.jpg,1776421836.2239532,True,,1.29,1.300578
4204,000000485237.jpg,1776421837.5246181,True,,0.79,0.801007
4205,000000485424.jpg,1776421838.3257134,True,,1.39,1.400131
4206,000000485480.jpg,1776421839.725943,True,,1.0,1.003195
4207,000000485802.jpg,1776421840.7292259,True,,1.2,1.297861
4208,000000485844.jpg,1776421842.0271704,True,,1.79,1.799673
4209,000000485895.jpg,1776421843.8269389,True,,1.39,1.396395
4210,000000485972.jpg,1776421845.2234151,True,,1.7,1.70326
4211,000000486040.jpg,1776421846.9267595,True,,1.99,1.997829
4212,000000486046.jpg,1776421848.9246757,True,,1.9,1.903642
4213,000000486104.jpg,1776421850.8284125,True,,1.69,1.696021
4214,000000486112.jpg,1776421852.524524,True,,1.79,1.800812
4215,000000486438.jpg,1776421854.3254204,True,,1.79,1.801417
4216,000000486479.jpg,1776421856.126936,True,,2.09,2.098444
4217,000000486573.jpg,1776421858.2254667,True,,1.9,1.903051
4218,000000487583.jpg,1776421860.12861,True,,1.89,1.898741
4219,000000488075.jpg,1776421862.0274482,True,,1.89,1.903512
4220,000000488166.jpg,1776421863.9310412,True,,1.69,1.696032
4221,000000488251.jpg,1776421865.6271548,True,,1.19,1.201162
4222,000000488270.jpg,1776421866.8284056,True,,1.3,1.302459
4223,000000488385.jpg,1776421868.130968,True,,1.39,1.394674
4224,000000488592.jpg,1776421869.5257277,True,,1.89,1.901405
4225,000000488664.jpg,1776421871.427217,True,,1.99,2.001775
4226,000000488673.jpg,1776421873.429076,True,,1.89,1.895803
4227,000000488710.jpg,1776421875.324977,True,,1.89,1.899062
4228,000000488736.jpg,1776421877.2241223,True,,1.39,1.4009
4229,000000489014.jpg,1776421878.6251035,True,,1.49,1.499671
4230,000000489046.jpg,1776421880.1248589,True,,1.39,1.402582
4231,000000489091.jpg,1776421881.5275261,True,,1.89,1.896876
4232,000000489305.jpg,1776421883.4244912,True,,1.79,1.802583
4233,000000489339.jpg,1776421885.2271652,True,,1.69,1.795635
4234,000000489611.jpg,1776421887.022886,True,,2.4,2.403918
4235,000000489764.jpg,1776421889.4268942,True,,1.99,2.001588
4236,000000489842.jpg,1776421891.4285793,True,,2.39,2.399566
4237,000000489924.jpg,1776421893.8282366,True,,2.09,2.095299
4238,000000490125.jpg,1776421895.9236186,True,,1.29,1.3023
4239,000000490171.jpg,1776421897.2260056,True,,1.89,1.898312
4240,000000490413.jpg,1776421899.1244006,True,,1.3,1.303304
4241,000000490470.jpg,1776421900.4277906,True,,1.79,1.796268
4242,000000490515.jpg,1776421902.2241457,True,,1.3,1.303782
4243,000000490936.jpg,1776421903.5280135,True,,1.99,2.000436
4244,000000491008.jpg,1776421905.5285368,True,,1.89,1.896375
4245,000000491071.jpg,1776421907.425001,True,,1.8,1.803169
4246,000000491090.jpg,1776421909.2282526,True,,2.09,2.096876
4247,000000491130.jpg,1776421911.3252125,True,,1.79,1.801835
4248,000000491213.jpg,1776421913.127132,True,,1.99,2.001012
4249,000000491216.jpg,1776421915.1282444,True,,1.79,1.798903
4250,000000491366.jpg,1776421916.9272401,True,,1.79,1.801291
4251,000000491464.jpg,1776421918.728621,True,,1.79,1.799346
4252,000000491470.jpg,1776421920.528058,True,,1.89,1.899486
4253,000000491497.jpg,1776421922.4276314,True,,1.89,1.897277
4254,000000491613.jpg,1776421924.324996,True,,1.69,1.700964
4255,000000491683.jpg,1776421926.026046,True,,1.89,1.901824
4256,000000491725.jpg,1776421927.9279761,True,,1.79,1.799958
4257,000000491757.jpg,1776421929.7280245,True,,1.49,1.497327
4258,000000491867.jpg,1776421931.2254417,True,,1.99,1.999534
4259,000000492077.jpg,1776421933.2250574,True,,1.89,1.901856
4260,000000492110.jpg,1776421935.1270044,True,,1.79,1.800463
4261,000000492282.jpg,1776421936.927552,True,,1.9,1.902985
4262,000000492284.jpg,1776421938.830623,True,,1.79,1.796179
4263,000000492362.jpg,1776421940.6268919,True,,1.79,1.797728
4264,000000492758.jpg,1776421942.4247148,True,,1.7,1.704573
4265,000000492878.jpg,1776421944.1293707,True,,2.3,2.396087
4266,000000492905.jpg,1776421946.5255425,True,,1.79,1.798961
4267,000000492937.jpg,1776421948.3245914,True,,2.3,2.302717
4268,000000492968.jpg,1776421950.6273952,True,,1.49,1.500672
4269,000000492992.jpg,1776421952.1281576,True,,1.69,1.69893
4270,000000493019.jpg,1776421953.827178,True,,1.89,1.901149
4271,000000493284.jpg,1776421955.7284238,True,,1.79,1.799016
4272,000000493286.jpg,1776421957.5275288,True,,1.59,1.601792
4273,000000493334.jpg,1776421959.1294053,True,,1.29,1.298337
4274,000000493442.jpg,1776421960.427833,True,,1.89,1.897563
4275,000000493566.jpg,1776421962.3254857,True,,1.09,1.102392
4276,000000493613.jpg,1776421963.4279823,True,,1.29,1.299659
4277,000000493772.jpg,1776421964.7277286,True,,1.79,1.79757
4278,000000493799.jpg,1776421966.5253863,True,,1.49,1.498727
4279,000000493864.jpg,1776421968.0242035,True,,1.39,1.400463
4280,000000493905.jpg,1776421969.4247556,True,,1.7,1.703793
4281,000000494188.jpg,1776421971.1286337,True,,1.79,1.799136
4282,000000494427.jpg,1776421972.927853,True,,1.79,1.802199
4283,000000494634.jpg,1776421974.7301397,True,,1.39,1.39824
4284,000000494759.jpg,1776421976.1284645,True,,1.39,1.398806
4285,000000494863.jpg,1776421977.5273547,True,,1.39,1.400139
4286,000000494869.jpg,1776421978.9276001,True,,1.39,1.396507
4287,000000494913.jpg,1776421980.3241866,True,,1.89,1.900317
4288,000000495054.jpg,1776421982.2245877,True,,1.89,1.900044
4289,000000495146.jpg,1776421984.124715,True,,1.99,2.000231
4290,000000495448.jpg,1776421986.1250293,True,,1.89,1.900816
4291,000000495732.jpg,1776421988.0259457,True,,1.5,1.596834
4292,000000496409.jpg,1776421989.6228626,True,,2.0,2.007732
4293,000000496571.jpg,1776421991.6306813,True,,1.69,1.696887
4294,000000496597.jpg,1776421993.3276622,True,,1.89,1.898427
4295,000000496722.jpg,1776421995.2261758,True,,1.69,1.700931
4296,000000496854.jpg,1776421996.9271908,True,,1.99,2.000875
4297,000000496954.jpg,1776421998.9281497,True,,1.3,1.302799
4298,000000497344.jpg,1776422000.231042,True,,1.79,1.79588
4299,000000497568.jpg,1776422002.0270061,True,,1.79,1.800574
4300,000000497599.jpg,1776422003.827668,True,,1.89,1.896817
4301,000000497628.jpg,1776422005.7245705,True,,1.89,1.901372
4302,000000497867.jpg,1776422007.6260293,True,,1.69,1.700559
4303,000000498032.jpg,1776422009.326675,True,,1.99,2.001656
4304,000000498286.jpg,1776422011.328424,True,,1.89,1.895066
4305,000000498463.jpg,1776422013.2235801,True,,1.9,1.904155
4306,000000498709.jpg,1776422015.1278267,True,,1.69,1.699134
4307,000000498747.jpg,1776422016.8270447,True,,1.89,1.901462
4308,000000498807.jpg,1776422018.7285967,True,,1.7,1.796583
4309,000000498857.jpg,1776422020.5252626,True,,1.8,1.803665
4310,000000498919.jpg,1776422022.3290174,True,,1.79,1.795595
4311,000000499031.jpg,1776422024.1246998,True,,1.6,1.60286
4312,000000499109.jpg,1776422025.7276495,True,,1.39,1.399517
4313,000000499181.jpg,1776422027.1272535,True,,1.39,1.400738
4314,000000499266.jpg,1776422028.528074,True,,1.39,1.399053
4315,000000499313.jpg,1776422029.9272141,True,,1.39,1.400732
4316,000000499622.jpg,1776422031.3280668,True,,2.39,2.401006
4317,000000499768.jpg,1776422033.729164,True,,1.69,1.698003
4318,000000499775.jpg,1776422035.427252,True,,1.89,1.901731
4319,000000500049.jpg,1776422037.32907,True,,1.79,1.797744
4320,000000500211.jpg,1776422039.1269166,True,,1.69,1.700748
4321,000000500257.jpg,1776422040.8277566,True,,1.89,1.897915
4322,000000500270.jpg,1776422042.7257574,True,,1.69,1.701122
4323,000000500423.jpg,1776422044.426978,True,,1.69,1.700203
4324,000000500464.jpg,1776422046.1272676,True,,1.79,1.796304
4325,000000500477.jpg,1776422047.9236555,True,,1.8,1.803531
4326,000000500478.jpg,1776422049.7272732,True,,1.49,1.498235
4327,000000500565.jpg,1776422051.2255902,True,,1.79,1.801809
4328,000000500613.jpg,1776422053.0274887,True,,1.59,1.599689
4329,000000500663.jpg,1776422054.6272619,True,,1.79,1.800618
4330,000000500716.jpg,1776422056.4279776,True,,2.09,2.09875
4331,000000500826.jpg,1776422058.5268157,True,,1.69,1.700227
4332,000000501005.jpg,1776422060.227131,True,,1.69,1.696511
4333,000000501023.jpg,1776422061.9237282,True,,1.8,1.803851
4334,000000501243.jpg,1776422063.727667,True,,1.69,1.69893
4335,000000501368.jpg,1776422065.426677,True,,1.79,1.800186
4336,000000501523.jpg,1776422067.226959,True,,1.89,1.899197
4337,000000502136.jpg,1776422069.126236,True,,2.19,2.201687
4338,000000502168.jpg,1776422071.3280177,True,,1.79,1.800287
4339,000000502229.jpg,1776422073.1283917,True,,2.39,2.398193
4340,000000502336.jpg,1776422075.526673,True,,1.7,1.796393
4341,000000502347.jpg,1776422077.3231466,True,,1.89,1.900537
4342,000000502599.jpg,1776422079.2237697,True,,1.89,1.900944
4343,000000502732.jpg,1776422081.124794,True,,1.8,1.803737
4344,000000502737.jpg,1776422082.9286244,True,,1.89,1.898052
4345,000000502910.jpg,1776422084.826766,True,,1.79,1.800976
4346,000000503755.jpg,1776422086.627846,True,,1.79,1.799963
4347,000000503823.jpg,1776422088.4279196,True,,1.79,1.799068
4348,000000503841.jpg,1776422090.2270715,True,,2.39,2.402219
4349,000000503855.jpg,1776422092.629373,True,,1.59,1.596819
4350,000000504000.jpg,1776422094.2262824,True,,1.19,1.200366
4351,000000504074.jpg,1776422095.4267385,True,,1.69,1.700649
4352,000000504389.jpg,1776422097.127488,True,,1.69,1.697197
4353,000000504415.jpg,1776422098.8247676,True,,1.79,1.802382
4354,000000504439.jpg,1776422100.6272335,True,,1.49,1.499382
4355,000000504580.jpg,1776422102.1267028,True,,1.79,1.800741
4356,000000504589.jpg,1776422103.9275274,True,,1.79,1.796064
4357,000000504635.jpg,1776422105.7236779,True,,1.69,1.700246
4358,000000504711.jpg,1776422107.4240072,True,,1.89,1.901934
4359,000000505169.jpg,1776422109.3260238,True,,1.79,1.802032
4360,000000505451.jpg,1776422111.1281424,True,,1.69,1.698301
4361,000000505565.jpg,1776422112.826527,True,,1.79,1.798084
4362,000000505573.jpg,1776422114.6246953,True,,1.7,1.702736
4363,000000505638.jpg,1776422116.3275204,True,,1.99,2.00106
4364,000000505789.jpg,1776422118.3286753,True,,1.8,1.896469
4365,000000505942.jpg,1776422120.225233,True,,1.89,1.90269
4366,000000506004.jpg,1776422122.1280227,True,,1.79,1.795349
4367,000000506178.jpg,1776422123.923454,True,,1.3,1.304549
4368,000000506279.jpg,1776422125.2280936,True,,1.99,1.998484
4369,000000506310.jpg,1776422127.2266653,True,,1.49,1.501309
4370,000000506454.jpg,1776422128.7280724,True,,1.89,1.898626
4371,000000506656.jpg,1776422130.6267865,True,,1.89,1.89638
4372,000000506707.jpg,1776422132.5232482,True,,1.6,1.604023
4373,000000506933.jpg,1776422134.1273615,True,,1.89,1.897803
4374,000000507015.jpg,1776422136.0253048,True,,1.69,1.701985
4375,000000507037.jpg,1776422137.727378,True,,1.89,1.89733
4376,000000507042.jpg,1776422139.624795,True,,1.7,1.702716
4377,000000507081.jpg,1776422141.3275979,True,,2.39,2.399931
4378,000000507223.jpg,1776422143.7276177,True,,1.79,1.801333
4379,000000507235.jpg,1776422145.529041,True,,2.49,2.499009
4380,000000507473.jpg,1776422148.0281417,True,,1.69,1.697897
4381,000000507575.jpg,1776422149.7261212,True,,1.99,1.999243
4382,000000507667.jpg,1776422151.7254503,True,,1.99,2.000543
4383,000000507797.jpg,1776422153.7260745,True,,1.79,1.801304
4384,000000507893.jpg,1776422155.5274656,True,,1.79,1.799749
4385,000000507975.jpg,1776422157.3273025,True,,1.59,1.597796
4386,000000508101.jpg,1776422158.9251869,True,,1.89,1.899668
4387,000000508312.jpg,1776422160.8249526,True,,1.6,1.60316
4388,000000508370.jpg,1776422162.4282036,True,,1.39,1.39573
4389,000000508482.jpg,1776422163.8240175,True,,1.4,1.403861
4390,000000508586.jpg,1776422165.227977,True,,1.59,1.600785
4391,000000508602.jpg,1776422166.8288503,True,,2.39,2.396032
4392,000000508639.jpg,1776422169.2249835,True,,1.69,1.700126
4393,000000508730.jpg,1776422170.925199,True,,1.89,1.902238
4394,000000508917.jpg,1776422172.8275247,True,,1.59,1.598805
4395,000000509008.jpg,1776422174.4264205,True,,1.79,1.797061
4396,000000509014.jpg,1776422176.2235706,True,,1.2,1.203287
4397,000000509131.jpg,1776422177.4269557,True,,1.59,1.695969
4398,000000509258.jpg,1776422179.123015,True,,1.59,1.601606
4399,000000509260.jpg,1776422180.72471,True,,1.79,1.802154
4400,000000509403.jpg,1776422182.5269651,True,,1.89,1.897807
4401,000000509451.jpg,1776422184.4248543,True,,1.8,1.80392
4402,000000509656.jpg,1776422186.228859,True,,1.39,1.399282
4403,000000509699.jpg,1776422187.6282234,True,,1.39,1.397586
4404,000000509719.jpg,1776422189.0259197,True,,1.29,1.301262
4405,000000509735.jpg,1776422190.3272715,True,,1.69,1.701493
4406,000000509824.jpg,1776422192.0288548,True,,1.79,1.795275
4407,000000510095.jpg,1776422193.8242157,True,,1.3,1.30361
4408,000000510329.jpg,1776422195.127921,True,,1.39,1.400218
4409,000000511076.jpg,1776422196.5282278,True,,1.69,1.698685
4410,000000511321.jpg,1776422198.227002,True,,1.79,1.801453
4411,000000511384.jpg,1776422200.028547,True,,1.89,1.895437
4412,000000511398.jpg,1776422201.924067,True,,1.8,1.803783
4413,000000511453.jpg,1776422203.727955,True,,2.49,2.499718
4414,000000511599.jpg,1776422206.2277572,True,,1.39,1.401115
4415,000000511647.jpg,1776422207.6289725,True,,1.89,1.896898
4416,000000511760.jpg,1776422209.5259802,True,,1.39,1.399712
4417,000000511999.jpg,1776422210.925785,True,,1.4,1.40504
4418,000000512194.jpg,1776422212.3309233,True,,1.49,1.496745
4419,000000512248.jpg,1776422213.8277907,True,,1.99,2.000806
4420,000000512330.jpg,1776422215.8286865,True,,1.49,1.496058
4421,000000512403.jpg,1776422217.324829,True,,2.29,2.301105
4422,000000512476.jpg,1776422219.6260207,True,,1.89,1.897728
4423,000000512564.jpg,1776422221.523835,True,,1.9,1.903071
4424,000000512648.jpg,1776422223.4269977,True,,1.99,1.996987
4425,000000512657.jpg,1776422225.4240723,True,,1.9,1.902726
4426,000000512776.jpg,1776422227.3268857,True,,1.99,1.998608
4427,000000512836.jpg,1776422229.3255806,True,,1.99,1.999524
4428,000000512929.jpg,1776422231.325193,True,,2.59,2.601852
4429,000000512985.jpg,1776422233.927134,True,,1.89,1.900859
4430,000000513041.jpg,1776422235.8280797,True,,1.89,1.899531
4431,000000513181.jpg,1776422237.7276955,True,,1.89,1.900357
4432,000000513283.jpg,1776422239.6281452,True,,2.29,2.300783
4433,000000513484.jpg,1776422241.9290154,True,,1.59,1.59878
4434,000000513524.jpg,1776422243.5278835,True,,1.69,1.69706
4435,000000513567.jpg,1776422245.2250295,True,,1.4,1.404972
4436,000000513580.jpg,1776422246.6300902,True,,1.59,1.596359
4437,000000513688.jpg,1776422248.2265394,True,,1.79,1.799697
4438,000000514376.jpg,1776422250.0263214,True,,1.99,2.001514
4439,000000514508.jpg,1776422252.027938,True,,1.99,1.997339
4440,000000514540.jpg,1776422254.0253668,True,,1.89,1.902553
4441,000000514586.jpg,1776422255.9280121,True,,1.89,1.899465
4442,000000514797.jpg,1776422257.827568,True,,1.69,1.698865
4443,000000514914.jpg,1776422259.5265265,True,,1.6,1.604389
4444,000000514979.jpg,1776422261.1310065,True,,1.79,1.796693
4445,000000515025.jpg,1776422262.9277868,True,,1.89,1.89976
4446,000000515077.jpg,1776422264.8276324,True,,1.89,1.899231
4447,000000515266.jpg,1776422266.7269619,True,,1.89,1.899858
4448,000000515350.jpg,1776422268.6269207,True,,1.89,1.899416
4449,000000515445.jpg,1776422270.5264251,True,,1.49,1.502015
4450,000000515577.jpg,1776422272.0285249,True,,1.39,1.397094
4451,000000515579.jpg,1776422273.4257007,True,,1.39,1.401251
4452,000000515828.jpg,1776422274.8270361,True,,1.39,1.399897
4453,000000515982.jpg,1776422276.2270172,True,,1.99,1.99785
4454,000000516038.jpg,1776422278.2249663,True,,2.09,2.100228
4455,000000516143.jpg,1776422280.3252833,True,,1.99,2.002321
4456,000000516173.jpg,1776422282.327697,True,,1.89,1.902221
4457,000000516316.jpg,1776422284.2300005,True,,1.99,1.995171
4458,000000516318.jpg,1776422286.2252557,True,,1.79,1.8026
4459,000000516601.jpg,1776422288.0279567,True,,1.29,1.298865
4460,000000516677.jpg,1776422289.3269289,True,,1.39,1.401255
4461,000000516708.jpg,1776422290.7282705,True,,2.09,2.096206
4462,000000516804.jpg,1776422292.8245645,True,,1.59,1.600728
4463,000000516871.jpg,1776422294.4253755,True,,1.39,1.398252
4464,000000516916.jpg,1776422295.8237097,True,,1.4,1.404303
4465,000000517056.jpg,1776422297.2280965,True,,1.4,1.402901
4466,000000517069.jpg,1776422298.6310806,True,,1.4,1.494166
4467,000000517523.jpg,1776422300.1253293,True,,1.99,1.998179
4468,000000517687.jpg,1776422302.1235902,True,,1.5,1.504811
4469,000000517832.jpg,1776422303.6284876,True,,2.49,2.498077
4470,000000518213.jpg,1776422306.126656,True,,2.09,2.097747
4471,000000518326.jpg,1776422308.224486,True,,1.99,2.000639
4472,000000518770.jpg,1776422310.2252085,True,,2.0,2.002568
4473,000000519039.jpg,1776422312.2278621,True,,1.49,1.49531
4474,000000519208.jpg,1776422313.7232502,True,,1.6,1.606219
4475,000000519338.jpg,1776422315.3295598,True,,1.79,1.79769
4476,000000519491.jpg,1776422317.1273422,True,,1.99,1.998429
4477,000000519522.jpg,1776422319.1258607,True,,1.79,1.802274
4478,000000519569.jpg,1776422320.9282215,True,,1.89,1.896813
4479,000000519611.jpg,1776422322.825125,True,,1.59,1.600592
4480,000000519688.jpg,1776422324.4258013,True,,1.6,1.603178
4481,000000519764.jpg,1776422326.029062,True,,1.49,1.499051
4482,000000520009.jpg,1776422327.5281963,True,,1.89,1.89978
4483,000000520077.jpg,1776422329.4280674,True,,1.49,1.499575
4484,000000520264.jpg,1776422330.9277394,True,,1.99,2.000737
4485,000000520301.jpg,1776422332.928577,True,,1.99,1.996627
4486,000000520324.jpg,1776422334.925289,True,,1.79,1.798715
4487,000000520531.jpg,1776422336.724089,True,,1.7,1.704059
4488,000000520659.jpg,1776422338.4282334,True,,1.99,1.999881
4489,000000520707.jpg,1776422340.428202,True,,1.99,1.999733
4490,000000520832.jpg,1776422342.428022,True,,1.99,2.000076
4491,000000520871.jpg,1776422344.4281878,True,,1.89,1.898915
4492,000000520910.jpg,1776422346.3271894,True,,1.89,1.900387
4493,000000521052.jpg,1776422348.227667,True,,1.59,1.596947
4494,000000521141.jpg,1776422349.824698,True,,2.0,2.003987
4495,000000521231.jpg,1776422351.8287694,True,,1.99,1.996387
4496,000000521259.jpg,1776422353.8252418,True,,2.09,2.099659
4497,000000521282.jpg,1776422355.92498,True,,1.9,1.905154
4498,000000521405.jpg,1776422357.830225,True,,1.99,1.993694
4499,000000521509.jpg,1776422359.8240075,True,,1.9,1.903015
4500,000000521540.jpg,1776422361.7271209,True,,1.89,1.896975
4501,000000521601.jpg,1776422363.6241782,True,,1.8,1.802577
4502,000000521717.jpg,1776422365.4268396,True,,1.79,1.79787
4503,000000521719.jpg,1776422367.2247937,True,,1.79,1.802196
4504,000000521819.jpg,1776422369.0270746,True,,1.89,1.899483
4505,000000521956.jpg,1776422370.926647,True,,1.79,1.800543
4506,000000522007.jpg,1776422372.7272713,True,,1.89,1.900068
4507,000000522156.jpg,1776422374.6274204,True,,1.79,1.795933
4508,000000522393.jpg,1776422376.423434,True,,2.3,2.30592
4509,000000522638.jpg,1776422378.7294383,True,,1.7,1.794757
4510,000000522713.jpg,1776422380.5242734,True,,1.9,1.903018
4511,000000522751.jpg,1776422382.4273727,True,,1.59,1.596597
4512,000000522889.jpg,1776422384.0240517,True,,1.8,1.802692
4513,000000522940.jpg,1776422385.826829,True,,1.99,2.002496
4514,000000523033.jpg,1776422387.8294125,True,,1.79,1.797025
4515,000000523100.jpg,1776422389.6265216,True,,1.89,1.900459
4516,000000523175.jpg,1776422391.5270615,True,,1.89,1.897453
4517,000000523194.jpg,1776422393.4245954,True,,1.79,1.801705
4518,000000523229.jpg,1776422395.2263799,True,,1.99,2.002071
4519,000000523241.jpg,1776422397.2285376,True,,1.99,1.995179
4520,000000523782.jpg,1776422399.223798,True,,2.0,2.003849
4521,000000523807.jpg,1776422401.22773,True,,1.99,1.996715
4522,000000523811.jpg,1776422403.2245302,True,,2.0,2.004112
4523,000000523957.jpg,1776422405.228725,True,,1.89,1.898596
4524,000000524108.jpg,1776422407.127401,True,,1.69,1.69978
4525,000000524280.jpg,1776422408.827261,True,,2.49,2.499747
4526,000000524456.jpg,1776422411.3270884,True,,1.99,2.00094
4527,000000524742.jpg,1776422413.3281167,True,,1.89,1.899409
4528,000000524850.jpg,1776422415.2276177,True,,1.69,1.699845
4529,000000525083.jpg,1776422416.9275494,True,,1.99,1.997102
4530,000000525155.jpg,1776422418.9247372,True,,1.89,1.902451
4531,000000525247.jpg,1776422420.8272798,True,,1.89,1.897349
4532,000000525286.jpg,1776422422.7247117,True,,2.39,2.402578
4533,000000525322.jpg,1776422425.1273808,True,,1.79,1.796747
4534,000000525600.jpg,1776422426.9242153,True,,1.49,1.500318
4535,000000526103.jpg,1776422428.4246147,True,,1.8,1.803413
4536,000000526197.jpg,1776422430.2281165,True,,1.79,1.799677
4537,000000526256.jpg,1776422432.0278802,True,,1.69,1.696766
4538,000000526392.jpg,1776422433.7247343,True,,1.8,1.802451
4539,000000526706.jpg,1776422435.5272727,True,,1.5,1.50292
4540,000000526728.jpg,1776422437.0302818,True,,1.49,1.495296
4541,000000526751.jpg,1776422438.5256648,True,,1.3,1.30445
4542,000000527029.jpg,1776422439.8302221,True,,1.79,1.796947
4543,000000527215.jpg,1776422441.627272,True,,1.69,1.699805
4544,000000527220.jpg,1776422443.32717,True,,0.99,0.998824
4545,000000527427.jpg,1776422444.3260815,True,,1.39,1.402096
4546,000000527528.jpg,1776422445.7282648,True,,1.49,1.495199
4547,000000527616.jpg,1776422447.2235494,True,,1.59,1.601094
4548,000000527695.jpg,1776422448.8247297,True,,1.4,1.402864
4549,000000527750.jpg,1776422450.2276828,True,,1.99,1.996003
4550,000000527784.jpg,1776422452.2237694,True,,2.1,2.103114
4551,000000527960.jpg,1776422454.3269749,True,,1.99,1.997868
4552,000000528314.jpg,1776422456.3249595,True,,1.99,1.999894
4553,000000528399.jpg,1776422458.3249552,True,,1.99,2.000852
4554,000000528524.jpg,1776422460.3258924,True,,1.99,1.999304
4555,000000528578.jpg,1776422462.3253021,True,,1.59,1.599337
4556,000000528705.jpg,1776422463.924726,True,,1.79,1.802239
4557,000000528862.jpg,1776422465.7270539,True,,1.99,1.998146
4558,000000528977.jpg,1776422467.725282,True,,2.19,2.198404
4559,000000528980.jpg,1776422469.92377,True,,1.89,1.901555
4560,000000529105.jpg,1776422471.8254063,True,,1.99,2.000927
4561,000000529122.jpg,1776422473.8264172,True,,1.59,1.600224
4562,000000529148.jpg,1776422475.4267225,True,,1.79,1.802781
4563,000000529528.jpg,1776422477.2295914,True,,1.89,1.897844
4564,000000529568.jpg,1776422479.127518,True,,1.89,1.901259
4565,000000529762.jpg,1776422481.0288594,True,,2.09,2.094953
4566,000000529939.jpg,1776422483.12391,True,,1.8,1.804095
4567,000000529966.jpg,1776422484.9280975,True,,1.49,1.498541
4568,000000530052.jpg,1776422486.4267182,True,,1.89,1.897818
4569,000000530061.jpg,1776422488.3246248,True,,1.99,1.999897
4570,000000530099.jpg,1776422490.3246212,True,,2.1,2.103291
4571,000000530146.jpg,1776422492.4280024,True,,2.49,2.497111
4572,000000530162.jpg,1776422494.9251974,True,,1.3,1.30548
4573,000000530457.jpg,1776422496.2307622,True,,1.99,1.994353
4574,000000530466.jpg,1776422498.2252011,True,,1.99,2.002481
4575,000000530470.jpg,1776422500.2277663,True,,2.09,2.096834
4576,000000530624.jpg,1776422502.3246865,True,,1.99,1.999262
4577,000000530820.jpg,1776422504.324038,True,,1.8,1.802887
4578,000000530836.jpg,1776422506.1270115,True,,1.99,1.997658
4579,000000530854.jpg,1776422508.124748,True,,1.79,1.80261
4580,000000530975.jpg,1776422509.9274402,True,,1.79,1.796623
4581,000000531036.jpg,1776422511.7241602,True,,2.0,2.003575
4582,000000531134.jpg,1776422513.727826,True,,1.99,1.997163
4583,000000531135.jpg,1776422515.7250733,True,,2.0,2.003697
4584,000000531495.jpg,1776422517.7288542,True,,1.79,1.797903
4585,000000531707.jpg,1776422519.5268445,True,,1.99,1.997184
4586,000000531771.jpg,1776422521.5241191,True,,1.9,1.904052
4587,000000532058.jpg,1776422523.4282615,True,,1.99,1.999832
4588,000000532071.jpg,1776422525.4281824,True,,1.6,1.698803
4589,000000532129.jpg,1776422527.1270776,True,,1.89,1.900429
4590,000000532481.jpg,1776422529.0275927,True,,1.79,1.79663
4591,000000532493.jpg,1776422530.8243086,True,,1.69,1.702142
4592,000000532530.jpg,1776422532.5265417,True,,1.89,1.900915
4593,000000532575.jpg,1776422534.4275436,True,,1.89,1.897906
4594,000000532690.jpg,1776422536.3255374,True,,2.29,2.301589
4595,000000532761.jpg,1776422538.6272147,True,,1.99,1.998961
4596,000000532855.jpg,1776422540.6262672,True,,1.39,1.401819
4597,000000532901.jpg,1776422542.028174,True,,1.69,1.69539
4598,000000533145.jpg,1776422543.723646,True,,2.09,2.102088
4599,000000533206.jpg,1776422545.8258193,True,,1.89,1.899108
4600,000000533493.jpg,1776422547.72501,True,,1.69,1.701236
4601,000000533536.jpg,1776422549.4263272,True,,2.09,2.098776
4602,000000533816.jpg,1776422551.525192,True,,1.89,1.899495
4603,000000533855.jpg,1776422553.4247713,True,,1.8,1.804609
4604,000000533958.jpg,1776422555.2294748,True,,2.39,2.398273
4605,000000534041.jpg,1776422557.627841,True,,1.89,1.897259
4606,000000534270.jpg,1776422559.5251892,True,,2.19,2.201902
4607,000000534394.jpg,1776422561.7272255,True,,1.69,1.696993
4608,000000534601.jpg,1776422563.4243128,True,,1.8,1.80277
4609,000000534605.jpg,1776422565.2271698,True,,1.79,1.800215
4610,000000534639.jpg,1776422567.027476,True,,1.49,1.497438
4611,000000534664.jpg,1776422568.5249994,True,,1.2,1.205294
4612,000000534673.jpg,1776422569.7303813,True,,1.89,1.897416
4613,000000534827.jpg,1776422571.6278882,True,,2.39,2.395436
4614,000000535094.jpg,1776422574.023409,True,,1.6,1.606125
4615,000000535156.jpg,1776422575.6296165,True,,1.99,1.995457
4616,000000535253.jpg,1776422577.6251643,True,,2.49,2.502236
4617,000000535306.jpg,1776422580.1274867,True,,1.59,1.597611
4618,000000535523.jpg,1776422581.7251873,True,,1.99,1.998154
4619,000000535578.jpg,1776422583.723435,True,,1.7,1.703257
4620,000000535608.jpg,1776422585.4267795,True,,1.59,1.597692
4621,000000535858.jpg,1776422587.0245588,True,,1.3,1.304673
4622,000000536038.jpg,1776422588.329319,True,,1.29,1.295715
4623,000000536073.jpg,1776422589.6251202,True,,1.69,1.702361
4624,000000536343.jpg,1776422591.3275738,True,,1.89,1.897434
4625,000000536947.jpg,1776422593.2250917,True,,1.99,2.00017
4626,000000537053.jpg,1776422595.2253492,True,,1.59,1.600821
4627,000000537153.jpg,1776422596.8262596,True,,1.69,1.7004
4628,000000537241.jpg,1776422598.5267496,True,,1.79,1.800872
4629,000000537270.jpg,1776422600.327713,True,,1.99,1.997126
4630,000000537355.jpg,1776422602.324933,True,,1.79,1.802588
4631,000000537506.jpg,1776422604.127611,True,,1.99,1.996673
4632,000000537672.jpg,1776422606.1243691,True,,1.8,1.802995
4633,000000537802.jpg,1776422607.9274545,True,,1.99,2.000832
4634,000000537812.jpg,1776422609.928373,True,,1.99,1.999868
4635,000000537827.jpg,1776422611.9283364,True,,1.69,1.696517
4636,000000537964.jpg,1776422613.6249518,True,,1.3,1.305816
4637,000000537991.jpg,1776422614.9308517,True,,1.49,1.49562
4638,000000538067.jpg,1776422616.42656,True,,1.49,1.498212
4639,000000538236.jpg,1776422617.9248571,True,,1.39,1.400849
4640,000000538364.jpg,1776422619.3257904,True,,1.99,1.998681
4641,000000538458.jpg,1776422621.3245616,True,,1.89,1.901206
4642,000000539143.jpg,1776422623.2258556,True,,2.09,2.099828
4643,000000539445.jpg,1776422625.3257701,True,,2.49,2.501727
4644,000000539883.jpg,1776422627.8275828,True,,1.99,1.999619
4645,000000539962.jpg,1776422629.8272903,True,,1.99,1.998363
4646,000000540280.jpg,1776422631.825748,True,,1.89,1.900802
4647,000000540414.jpg,1776422633.7266371,True,,1.99,2.000561
4648,000000540466.jpg,1776422635.7272847,True,,1.39,1.400405
4649,000000540502.jpg,1776422637.127778,True,,1.79,1.795896
4650,000000540928.jpg,1776422638.9237583,True,,1.49,1.501125
4651,000000540932.jpg,1776422640.424984,True,,1.79,1.802492
4652,000000540962.jpg,1776422642.2275615,True,,1.89,1.898385
4653,000000541055.jpg,1776422644.1260333,True,,1.59,1.599745
4654,000000541123.jpg,1776422645.7258642,True,,1.79,1.801369
4655,000000541291.jpg,1776422647.5273182,True,,1.79,1.800403
4656,000000541634.jpg,1776422649.3278072,True,,2.39,2.39642
4657,000000541664.jpg,1776422651.7243123,True,,2.0,2.003691
4658,000000541773.jpg,1776422653.7280931,True,,1.99,1.998565
4659,000000541952.jpg,1776422655.7267442,True,,1.99,2.001442
4660,000000542073.jpg,1776422657.7282698,True,,1.99,1.999604
4661,000000542089.jpg,1776422659.7279768,True,,1.99,1.999538
4662,000000542127.jpg,1776422661.727604,True,,1.79,1.799473
4663,000000542423.jpg,1776422663.5271628,True,,1.79,1.799618
4664,000000542625.jpg,1776422665.3268728,True,,1.79,1.800755
4665,000000542776.jpg,1776422667.1277153,True,,1.89,1.89649
4666,000000542856.jpg,1776422669.0242877,True,,1.79,1.799981
4667,000000543043.jpg,1776422670.8243532,True,,1.89,1.90038
4668,000000543047.jpg,1776422672.7248201,True,,1.89,1.902229
4669,000000543300.jpg,1776422674.6271355,True,,1.79,1.800009
4670,000000543528.jpg,1776422676.427233,True,,1.89,1.89788
4671,000000543581.jpg,1776422678.3251994,True,,1.69,1.699528
4672,000000544052.jpg,1776422680.0248094,True,,2.5,2.505028
4673,000000544306.jpg,1776422682.5299346,True,,2.59,2.596815
4674,000000544444.jpg,1776422685.1268268,True,,1.7,1.796051
4675,000000544519.jpg,1776422686.9229684,True,,1.69,1.701768
4676,000000544565.jpg,1776422688.6248293,True,,2.4,2.405119
4677,000000544605.jpg,1776422691.0300338,True,,1.89,1.897416
4678,000000544811.jpg,1776422692.927531,True,,1.79,1.799272
4679,000000545007.jpg,1776422694.7268882,True,,1.79,1.797888
4680,000000545100.jpg,1776422696.5248578,True,,1.79,1.802063
4681,000000545129.jpg,1776422698.3270059,True,,1.79,1.800164
4682,000000545219.jpg,1776422700.127257,True,,1.89,1.899254
4683,000000545407.jpg,1776422702.0266056,True,,1.79,1.800239
4684,000000545594.jpg,1776422703.8269446,True,,2.19,2.197964
4685,000000545730.jpg,1776422706.0250049,True,,1.79,1.801767
4686,000000545826.jpg,1776422707.8268619,True,,1.99,1.996665
4687,000000545958.jpg,1776422709.8236134,True,,1.79,1.802357
4688,000000546011.jpg,1776422711.6260607,True,,1.79,1.7986
4689,000000546219.jpg,1776422713.424746,True,,1.79,1.800794
4690,000000546325.jpg,1776422715.2256246,True,,1.79,1.800895
4691,000000546475.jpg,1776422717.026606,True,,1.69,1.700044
4692,000000546556.jpg,1776422718.7267375,True,,1.39,1.399533
4693,000000546626.jpg,1776422720.126356,True,,2.09,2.098647
4694,000000546659.jpg,1776422722.2250884,True,,1.89,1.902323
4695,000000546717.jpg,1776422724.1274984,True,,1.79,1.799577
4696,000000546823.jpg,1776422725.9271603,True,,1.89,1.900525
4697,000000546826.jpg,1776422727.8277767,True,,1.99,1.996651
4698,000000546829.jpg,1776422729.8245122,True,,1.89,1.900559
4699,000000546964.jpg,1776422731.7251709,True,,1.39,1.402251
4700,000000546976.jpg,1776422733.127511,True,,1.99,2.000086
4701,000000547144.jpg,1776422735.1276855,True,,2.09,2.097064
4702,000000547336.jpg,1776422737.2248359,True,,2.0,2.00295
4703,000000547383.jpg,1776422739.2278745,True,,1.79,1.799865
4704,000000547502.jpg,1776422741.0278308,True,,1.69,1.70009
4705,000000547519.jpg,1776422742.7280097,True,,1.99,1.996365
4706,000000547816.jpg,1776422744.7244565,True,,1.8,1.803099
4707,000000547854.jpg,1776422746.5276427,True,,2.59,2.598423
4708,000000547886.jpg,1776422749.1261508,True,,1.79,1.800507
4709,000000548246.jpg,1776422750.9267476,True,,1.79,1.799434
4710,000000548267.jpg,1776422752.7262712,True,,1.89,1.900891
4711,000000548339.jpg,1776422754.6272519,True,,2.19,2.200901
4712,000000548506.jpg,1776422756.8282363,True,,1.79,1.798677
4713,000000548524.jpg,1776422758.6269977,True,,1.79,1.800208
4714,000000548555.jpg,1776422760.4272912,True,,1.79,1.800349
4715,000000548780.jpg,1776422762.2277365,True,,1.89,1.899099
4716,000000549055.jpg,1776422764.1269443,True,,1.29,1.302346
4717,000000549136.jpg,1776422765.4293783,True,,1.69,1.699758
4718,000000549167.jpg,1776422767.129229,True,,1.79,1.797761
4719,000000549220.jpg,1776422768.9270778,True,,1.79,1.799655
4720,000000549390.jpg,1776422770.726822,True,,1.8,1.896021
4721,000000549674.jpg,1776422772.6229317,True,,1.8,1.803702
4722,000000549738.jpg,1776422774.4267144,True,,1.79,1.799695
4723,000000549930.jpg,1776422776.2264946,True,,2.19,2.202369
4724,000000550084.jpg,1776422778.4289606,True,,1.89,1.897029
4725,000000550322.jpg,1776422780.3260741,True,,1.79,1.800704
4726,000000550349.jpg,1776422782.1268675,True,,1.89,1.897914
4727,000000550426.jpg,1776422784.0248623,True,,1.6,1.604301
4728,000000550471.jpg,1776422785.6292543,True,,1.79,1.800992
4729,000000550691.jpg,1776422787.4303372,True,,1.89,1.89677
4730,000000550714.jpg,1776422789.3271937,True,,1.89,1.899734
4731,000000550797.jpg,1776422791.2270186,True,,1.59,1.60166
4732,000000550939.jpg,1776422792.8287673,True,,1.79,1.798318
4733,000000551215.jpg,1776422794.6271684,True,,1.89,1.897907
4734,000000551304.jpg,1776422796.5251584,True,,1.79,1.802132
4735,000000551350.jpg,1776422798.3273776,True,,1.89,1.899208
4736,000000551439.jpg,1776422800.2266755,True,,1.79,1.800197
4737,000000551660.jpg,1776422802.026974,True,,1.79,1.896045
4738,000000551780.jpg,1776422803.9231026,True,,1.7,1.703994
4739,000000551794.jpg,1776422805.6271837,True,,1.49,1.500403
4740,000000551804.jpg,1776422807.1276753,True,,1.39,1.402414
4741,000000551815.jpg,1776422808.530182,True,,1.8,1.895539
4742,000000551820.jpg,1776422810.4258065,True,,1.89,1.898961
4743,000000551822.jpg,1776422812.3248565,True,,1.89,1.902032
4744,000000552371.jpg,1776422814.2269895,True,,1.79,1.797522
4745,000000552612.jpg,1776422816.0246003,True,,2.39,2.401627
4746,000000552775.jpg,1776422818.4263093,True,,1.89,1.898251
4747,000000552842.jpg,1776422820.3246424,True,,1.7,1.798458
4748,000000552883.jpg,1776422822.1231792,True,,1.89,1.901651
4749,000000552902.jpg,1776422824.0249305,True,,1.99,1.999191
4750,000000553094.jpg,1776422826.0242085,True,,1.8,1.802772
4751,000000553221.jpg,1776422827.827071,True,,1.99,1.997238
4752,000000553339.jpg,1776422829.824407,True,,1.89,1.898913
4753,000000553511.jpg,1776422831.723416,True,,1.69,1.700773
4754,000000553664.jpg,1776422833.4242713,True,,1.6,1.604768
4755,000000553669.jpg,1776422835.029131,True,,1.89,1.896733
4756,000000553731.jpg,1776422836.9259617,True,,1.79,1.800367
4757,000000553776.jpg,1776422838.7264168,True,,1.99,1.999333
4758,000000553788.jpg,1776422840.7258365,True,,1.59,1.600483
4759,000000553990.jpg,1776422842.326403,True,,1.89,1.898429
4760,000000554002.jpg,1776422844.2249236,True,,1.79,1.801356
4761,000000554156.jpg,1776422846.0263622,True,,1.89,1.996672
4762,000000554266.jpg,1776422848.023115,True,,1.1,1.105726
4763,000000554291.jpg,1776422849.1289444,True,,1.79,1.79744
4764,000000554328.jpg,1776422850.92647,True,,1.89,1.901953
4765,000000554579.jpg,1776422852.828508,True,,2.19,2.197634
4766,000000554595.jpg,1776422855.026237,True,,2.09,2.099982
4767,000000554735.jpg,1776422857.1263046,True,,1.89,1.902116
4768,000000554838.jpg,1776422859.0285084,True,,1.89,1.899032
4769,000000555005.jpg,1776422860.9276326,True,,1.89,1.900408
4770,000000555009.jpg,1776422862.8281293,True,,2.09,2.097903
4771,000000555012.jpg,1776422864.9261208,True,,1.89,1.899529
4772,000000555050.jpg,1776422866.8257353,True,,1.6,1.603456
4773,000000555412.jpg,1776422868.429287,True,,1.79,1.79694
4774,000000555597.jpg,1776422870.2263103,True,,1.99,2.002224
4775,000000555705.jpg,1776422872.2286177,True,,1.49,1.49839
4776,000000555972.jpg,1776422873.7270987,True,,1.99,1.999433
4777,000000556000.jpg,1776422875.726618,True,,2.29,2.300378
4778,000000556158.jpg,1776422878.02709,True,,1.99,1.997676
4779,000000556193.jpg,1776422880.0248532,True,,1.89,1.902173
4780,000000556498.jpg,1776422881.9271157,True,,1.89,1.89815
4781,000000556765.jpg,1776422883.82535,True,,1.79,1.8014
4782,000000556873.jpg,1776422885.6268349,True,,1.89,1.899787
4783,000000557172.jpg,1776422887.5267107,True,,1.79,1.79989
4784,000000557258.jpg,1776422889.326684,True,,1.79,1.800756
4785,000000557501.jpg,1776422891.127537,True,,1.99,1.996124
4786,000000557672.jpg,1776422893.1237547,True,,1.79,1.801306
4787,000000557884.jpg,1776422894.9251413,True,,1.89,1.901897
4788,000000557916.jpg,1776422896.827124,True,,1.69,1.702242
4789,000000558073.jpg,1776422898.5294535,True,,1.89,1.8944
4790,000000558114.jpg,1776422900.4239478,True,,1.9,1.902916
4791,000000558213.jpg,1776422902.326962,True,,1.89,1.900537
4792,000000558421.jpg,1776422904.2275903,True,,1.89,1.899894
4793,000000558558.jpg,1776422906.1275728,True,,1.99,1.997476
4794,000000558854.jpg,1776422908.1251328,True,,1.89,1.90212
4795,000000559099.jpg,1776422910.027337,True,,1.59,1.599658
4796,000000559160.jpg,1776422911.6270812,True,,1.49,1.499791
4797,000000559348.jpg,1776422913.1269755,True,,1.49,1.498847
4798,000000559513.jpg,1776422914.6259282,True,,1.39,1.400396
4799,000000559543.jpg,1776422916.0264165,True,,1.3,1.303819
4800,000000559547.jpg,1776422917.3303282,True,,1.69,1.69617
4801,000000559707.jpg,1776422919.02659,True,,2.09,2.100294
4802,000000559842.jpg,1776422921.1269846,True,,1.49,1.499953
4803,000000559956.jpg,1776422922.6270275,True,,1.39,1.401034
4804,000000560011.jpg,1776422924.028153,True,,1.9,1.902825
4805,000000560178.jpg,1776422925.9310646,True,,1.99,1.997055
4806,000000560256.jpg,1776422927.9282079,True,,1.79,1.797563
4807,000000560266.jpg,1776422929.725852,True,,1.29,1.304814
4808,000000560279.jpg,1776422931.0307612,True,,2.29,2.296641
4809,000000560312.jpg,1776422933.3274875,True,,1.69,1.698325
4810,000000560371.jpg,1776422935.0259178,True,,1.3,1.30309
4811,000000560474.jpg,1776422936.3290958,True,,1.89,1.896113
4812,000000560880.jpg,1776422938.2252955,True,,1.99,2.000818
4813,000000560911.jpg,1776422940.2262027,True,,2.2,2.202584
4814,000000561009.jpg,1776422942.4288802,True,,1.79,1.798279
4815,000000561223.jpg,1776422944.2272465,True,,1.79,1.800351
4816,000000561256.jpg,1776422946.0276878,True,,1.89,1.898883
4817,000000561335.jpg,1776422947.9266572,True,,1.59,1.597594
4818,000000561366.jpg,1776422949.5243473,True,,1.3,1.306533
4819,000000561465.jpg,1776422950.8309982,True,,2.49,2.496316
4820,000000561679.jpg,1776422953.3274014,True,,1.79,1.79887
4821,000000561889.jpg,1776422955.1263583,True,,1.39,1.398399
4822,000000561958.jpg,1776422956.52484,True,,1.4,1.405843
4823,000000562059.jpg,1776422957.930769,True,,1.5,1.593433
4824,000000562121.jpg,1776422959.5242882,True,,1.99,2.00117
4825,000000562197.jpg,1776422961.5255382,True,,1.89,1.901861
4826,000000562207.jpg,1776422963.4274833,True,,1.89,1.899744
4827,000000562229.jpg,1776422965.3273125,True,,2.49,2.500956
4828,000000562243.jpg,1776422967.828351,True,,2.49,2.499111
4829,000000562443.jpg,1776422970.3275402,True,,1.99,1.997992
4830,000000562448.jpg,1776422972.3256245,True,,1.9,1.902556
4831,000000562561.jpg,1776422974.2282708,True,,1.59,1.694743
4832,000000562581.jpg,1776422975.9230978,True,,1.7,1.703539
4833,000000562818.jpg,1776422977.6267254,True,,1.49,1.498969
4834,000000562843.jpg,1776422979.1257794,True,,1.39,1.402138
4835,000000563267.jpg,1776422980.5280092,True,,1.59,1.597088
4836,000000563281.jpg,1776422982.1251826,True,,2.39,2.4022
4837,000000563349.jpg,1776422984.5274713,True,,1.79,1.895634
4838,000000563470.jpg,1776422986.4231884,True,,1.7,1.706868
4839,000000563603.jpg,1776422988.1301415,True,,1.89,1.894744
4840,000000563604.jpg,1776422990.0249856,True,,1.89,1.902479
4841,000000563648.jpg,1776422991.9275453,True,,1.99,1.997057
4842,000000563653.jpg,1776422993.9246902,True,,1.79,1.802066
4843,000000563702.jpg,1776422995.7268448,True,,1.8,1.803015
4844,000000563758.jpg,1776422997.5299685,True,,1.99,1.995001
4845,000000563882.jpg,1776422999.5250556,True,,1.9,1.903019
4846,000000564023.jpg,1776423001.4281654,True,,1.99,2.000205
4847,000000564091.jpg,1776423003.428459,True,,1.79,1.801387
4848,000000564127.jpg,1776423005.2299495,True,,1.79,1.795653
4849,000000564133.jpg,1776423007.0256903,True,,1.99,2.00192
4850,000000564280.jpg,1776423009.0276983,True,,1.79,1.799452
4851,000000564336.jpg,1776423010.8272395,True,,1.59,1.599242
4852,000000565012.jpg,1776423012.4265714,True,,1.89,1.898932
4853,000000565045.jpg,1776423014.3255882,True,,1.79,1.800654
4854,000000565153.jpg,1776423016.1263282,True,,1.99,1.999831
4855,000000565391.jpg,1776423018.1262443,True,,1.89,1.897319
4856,000000565469.jpg,1776423020.0236485,True,,1.79,1.802475
4857,000000565563.jpg,1776423021.8262136,True,,1.9,1.902905
4858,000000565597.jpg,1776423023.7292047,True,,1.99,1.996929
4859,000000565607.jpg,1776423025.7262154,True,,1.49,1.500994
4860,000000565624.jpg,1776423027.2272975,True,,1.39,1.396907
4861,000000565776.jpg,1776423028.624292,True,,1.79,1.798807
4862,000000565778.jpg,1776423030.42318,True,,1.39,1.401782
4863,000000565853.jpg,1776423031.8250396,True,,1.9,1.902626
4864,000000565877.jpg,1776423033.7277539,True,,1.79,1.895169
4865,000000565962.jpg,1776423035.6230106,True,,1.7,1.703362
4866,000000565989.jpg,1776423037.3264658,True,,1.79,1.801546
4867,000000566042.jpg,1776423039.1281056,True,,1.79,1.801603
4868,000000566282.jpg,1776423040.929793,True,,1.79,1.799557
4869,000000566436.jpg,1776423042.7294328,True,,1.6,1.698671
4870,000000566524.jpg,1776423044.4281914,True,,1.79,1.797594
4871,000000566758.jpg,1776423046.2258666,True,,1.39,1.397956
4872,000000566923.jpg,1776423047.623917,True,,1.3,1.306474
4873,000000567011.jpg,1776423048.9304733,True,,1.39,1.395839
4874,000000567197.jpg,1776423050.3263967,True,,1.59,1.602035
4875,000000567432.jpg,1776423051.9285169,True,,1.39,1.396634
4876,000000567640.jpg,1776423053.325235,True,,1.79,1.801097
4877,000000567740.jpg,1776423055.1264195,True,,1.4,1.403354
4878,000000567825.jpg,1776423056.5298612,True,,1.3,1.394873
4879,000000567886.jpg,1776423057.9248266,True,,1.8,1.803058
4880,000000567898.jpg,1776423059.7279856,True,,1.59,1.602517
4881,000000568147.jpg,1776423061.3305888,True,,1.89,1.897937
4882,000000568195.jpg,1776423063.228613,True,,1.79,1.800712
4883,000000568213.jpg,1776423065.0294087,True,,1.51,1.599839
4884,000000568290.jpg,1776423066.6293335,True,,1.79,1.797227
4885,000000568439.jpg,1776423068.4266644,True,,1.89,1.898495
4886,000000568584.jpg,1776423070.3252423,True,,1.8,1.80424
4887,000000568690.jpg,1776423072.1295674,True,,1.89,1.898552
4888,000000568710.jpg,1776423074.0282094,True,,1.89,1.896567
4889,000000568814.jpg,1776423075.9248605,True,,1.5,1.504305
4890,000000568981.jpg,1776423077.4292502,True,,1.79,1.893489
4891,000000569030.jpg,1776423079.3228183,True,,1.8,1.803928
4892,000000569059.jpg,1776423081.1268396,True,,1.99,1.997144
4893,000000569273.jpg,1776423083.124068,True,,1.9,1.903598
4894,000000569565.jpg,1776423085.0277514,True,,1.39,1.39946
4895,000000569700.jpg,1776423086.4273007,True,,1.79,1.797035
4896,000000569825.jpg,1776423088.2244308,True,,1.8,1.803472
4897,000000569917.jpg,1776423090.0279934,True,,2.09,2.095671
4898,000000569972.jpg,1776423092.12376,True,,2.2,2.203441
4899,000000569976.jpg,1776423094.3272943,True,,1.99,2.000937
4900,000000570169.jpg,1776423096.328319,True,,1.99,1.998548
4901,000000570448.jpg,1776423098.326964,True,,2.19,2.20207
4902,000000570456.jpg,1776423100.529121,True,,1.99,1.99655
4903,000000570471.jpg,1776423102.525767,True,,1.99,1.999409
4904,000000570539.jpg,1776423104.525268,True,,1.99,2.00232
4905,000000570664.jpg,1776423106.5276768,True,,1.89,1.89925
4906,000000570688.jpg,1776423108.42701,True,,1.99,1.996799
4907,000000570736.jpg,1776423110.423912,True,,1.99,1.999743
4908,000000570756.jpg,1776423112.4237423,True,,1.99,2.000083
4909,000000570782.jpg,1776423114.4239235,True,,1.9,1.905954
4910,000000570834.jpg,1776423116.3299825,True,,1.99,1.994867
4911,000000571008.jpg,1776423118.3249424,True,,1.89,1.898486
4912,000000571264.jpg,1776423120.2235162,True,,1.8,1.803496
4913,000000571313.jpg,1776423122.0270996,True,,1.89,1.900644
4914,000000571598.jpg,1776423123.9278271,True,,1.99,1.99774
4915,000000571718.jpg,1776423125.9256535,True,,1.69,1.701708
4916,000000571804.jpg,1776423127.627444,True,,1.89,1.900289
4917,000000571857.jpg,1776423129.5278184,True,,1.89,1.898277
4918,000000571893.jpg,1776423131.426184,True,,1.89,1.901082
4919,000000571943.jpg,1776423133.327347,True,,1.89,1.900309
4920,000000572303.jpg,1776423135.2277374,True,,1.99,1.996952
4921,000000572388.jpg,1776423137.2247777,True,,1.79,1.80235
4922,000000572408.jpg,1776423139.0272126,True,,1.79,1.799857
4923,000000572462.jpg,1776423140.8271537,True,,2.5,2.502931
4924,000000572517.jpg,1776423143.3301742,True,,1.79,1.799085
4925,000000572555.jpg,1776423145.1293476,True,,1.7,1.797401
4926,000000572620.jpg,1776423146.9268346,True,,1.79,1.799473
4927,000000572678.jpg,1776423148.726394,True,,1.8,1.896599
4928,000000572900.jpg,1776423150.623075,True,,1.89,1.901654
4929,000000572956.jpg,1776423152.5248117,True,,1.9,1.903436
4930,000000573008.jpg,1776423154.428346,True,,2.09,2.095563
4931,000000573094.jpg,1776423156.523992,True,,2.09,2.101294
4932,000000573258.jpg,1776423158.6253684,True,,1.99,1.998953
4933,000000573391.jpg,1776423160.624407,True,,1.9,1.902872
4934,000000573626.jpg,1776423162.5273662,True,,1.99,1.997503
4935,000000573943.jpg,1776423164.5249724,True,,1.9,1.997934
4936,000000574297.jpg,1776423166.5229933,True,,1.7,1.800086
4937,000000574315.jpg,1776423168.3231652,True,,1.8,1.804619
4938,000000574425.jpg,1776423170.12789,True,,1.99,1.997338
4939,000000574520.jpg,1776423172.125324,True,,1.79,1.802054
4940,000000574702.jpg,1776423173.927464,True,,1.79,1.895459
4941,000000574810.jpg,1776423175.8230085,True,,2.2,2.205894
4942,000000574823.jpg,1776423178.0289922,True,,1.99,1.994646
4943,000000575081.jpg,1776423180.0237286,True,,1.89,1.902273
4944,000000575187.jpg,1776423181.9260898,True,,1.49,1.498836
4945,000000575205.jpg,1776423183.4250104,True,,1.49,1.499893
4946,000000575243.jpg,1776423184.9249928,True,,1.79,1.801559
4947,000000575357.jpg,1776423186.7266374,True,,1.89,1.901211
4948,000000575372.jpg,1776423188.627952,True,,1.49,1.500471
4949,000000575500.jpg,1776423190.128516,True,,1.39,1.398929
4950,000000575815.jpg,1776423191.5275333,True,,1.59,1.600694
4951,000000575970.jpg,1776423193.1283236,True,,1.59,1.599313
4952,000000576031.jpg,1776423194.7277305,True,,1.99,1.999783
4953,000000576052.jpg,1776423196.7275965,True,,1.89,1.897062
4954,000000576566.jpg,1776423198.6247485,True,,1.7,1.704574
4955,000000576654.jpg,1776423200.3294065,True,,1.89,1.897926
4956,000000576955.jpg,1776423202.2274215,True,,1.89,1.896832
4957,000000577149.jpg,1776423204.124346,True,,1.69,1.699356
4958,000000577182.jpg,1776423205.8237894,True,,1.8,1.805529
4959,000000577539.jpg,1776423207.6294065,True,,1.79,1.797762
4960,000000577584.jpg,1776423209.4272566,True,,1.69,1.696401
4961,000000577735.jpg,1776423211.1237452,True,,1.79,1.801323
4962,000000577862.jpg,1776423212.9251704,True,,1.79,1.802447
4963,000000577864.jpg,1776423214.7277064,True,,1.8,1.803801
4964,000000577932.jpg,1776423216.5315986,True,,1.91,1.997768
4965,000000577959.jpg,1776423218.5294483,True,,1.79,1.794518
4966,000000577976.jpg,1776423220.3240516,True,,1.8,1.80255
4967,000000578093.jpg,1776423222.1266887,True,,1.89,1.900331
4968,000000578236.jpg,1776423224.027106,True,,1.89,1.900251
4969,000000578489.jpg,1776423225.9274406,True,,1.89,1.89814
4970,000000578500.jpg,1776423227.8256674,True,,1.29,1.298717
4971,000000578545.jpg,1776423229.1244702,True,,1.9,1.902676
4972,000000578792.jpg,1776423231.0272377,True,,1.89,1.897862
4973,000000578871.jpg,1776423232.9251838,True,,1.89,1.902699
4974,000000578922.jpg,1776423234.8279946,True,,2.49,2.496192
4975,000000578967.jpg,1776423237.3242753,True,,1.79,1.80251
4976,000000579070.jpg,1776423239.1268725,True,,1.79,1.796792
4977,000000579091.jpg,1776423240.92375,True,,1.69,1.700233
4978,000000579158.jpg,1776423242.6240685,True,,1.7,1.705848
4979,000000579307.jpg,1776423244.330005,True,,1.79,1.796787
4980,000000579321.jpg,1776423246.1268768,True,,2.09,2.098694
4981,000000579635.jpg,1776423248.2256582,True,,1.69,1.698946
4982,000000579655.jpg,1776423249.9246926,True,,1.6,1.604142
4983,000000579818.jpg,1776423251.52893,True,,1.59,1.598141
4984,000000579893.jpg,1776423253.1271589,True,,1.69,1.699386
4985,000000579900.jpg,1776423254.8266346,True,,1.79,1.800288
4986,000000579902.jpg,1776423256.6270099,True,,2.19,2.201082
4987,000000579970.jpg,1776423258.82818,True,,1.79,1.801087
4988,000000580197.jpg,1776423260.629358,True,,1.8,1.898434
4989,000000580294.jpg,1776423262.5278792,True,,1.79,1.797217
4990,000000580410.jpg,1776423264.325186,True,,1.79,1.801885
4991,000000580418.jpg,1776423266.1271687,True,,1.79,1.798837
4992,000000580757.jpg,1776423267.9260948,True,,1.39,1.401562
4993,000000581062.jpg,1776423269.327744,True,,1.89,1.900043
4994,000000581100.jpg,1776423271.2278717,True,,1.89,1.896914
4995,000000581206.jpg,1776423273.1248786,True,,1.99,1.999937
4996,000000581317.jpg,1776423275.12492,True,,1.59,1.60242
4997,000000581357.jpg,1776423276.727423,True,,1.99,1.997967
4998,000000581482.jpg,1776423278.7254758,True,,1.39,1.400875
4999,000000581615.jpg,1776423280.1264381,True,,1.99,2.001946
5000,000000581781.jpg,1776423282.128473,True,,1.89,1.897174
